collected_at,source,main_genre,sub_genre,keyword,item_code,item_price,shop_name,shop_code,availability,review_average,score,review_count,affiliate_rate,point_rate,point_rate_start,point_rate_end,image_url,item_name,item_url
2026-04-05T22:35:43,search,デスク改善ガジェット,フットレスト,フットレスト デスク,denzo:10008080,9990,家具インテリア DENZO,denzo,1,4.63,84,2725,3.0,5,2026-04-04 20:00,2026-04-05 23:59,https://thumbnail.image.rakuten.co.jp/@0_mall/denzo/cabinet/square/101/101-035/101-03533.jpg?_ex=128x128,【4/4 20:00～4/5 23:59までポイント5倍！】学習椅子 木製 姿勢 子供 キッズチェア ハイチェア 学習チェア ダイニングチェア 椅子 高さ調整 シンプル コンパクト 組立て 板座 足置き ISSEIKI 小学生 女の子 男の子 AIRY DESK CHAIR ISSEIKI,https://item.rakuten.co.jp/denzo/airy-deskchair/?rafcid=wsc_i_is_50166604-ae7d-4c5a-8764-c20e0c04c739
2026-04-05T22:35:01,search,スマホ周辺機器,スマホスタンド,スマホスタンド,busyman:10000581,4480,スーツケース専門店 busyman,busyman,1,4.34,81,8543,4.0,5,2026-04-05 00:00,2026-04-05 23:59,https://thumbnail.image.rakuten.co.jp/@0_mall/busyman/cabinet/shangpinpage/11958327/imgrc0207174452.jpg?_ex=128x128,【商品限定P5倍開催！】スーツケース 機内持ち込み 軽量 キャリーケース USBポート ドリンクホルダー ダブルキャスター 頑丈 かわいい TSAロック付き おしゃれ おすすめ 女性 SSサイズ Sサイズ Mサイズ Lサイズ 軽い 人気 T9088 8088 TANOBI【12ヶ月品質保証】,https://item.rakuten.co.jp/busyman/pp003713/?rafcid=wsc_i_is_50166604-ae7d-4c5a-8764-c20e0c04c739
2026-04-05T22:35:25,search,デスク改善ガジェット,ノートPCスタンド,ノートPCスタンド,ioroi:10000296,3880,五百蔵商店,ioroi,1,4.52,79,2005,3.0,1,,,https://thumbnail.image.rakuten.co.jp/@0_mall/ioroi/cabinet/07520117/xxkjsp-028-zhutu.jpg?_ex=128x128,＼★楽天1位・2冠獲得／ パソコンスタンド ノートパソコン スタンド 折りたたみ式 パソコン ノートスタンド PC ノートスタンド アルミ 合金製 ホルダー パソコン台 高さ 角度調整可能 滑り止め 軽量 姿勢改善 Macbook/Macbook Air 9〜17インチまでに対応 ギフト プレゼント,https://item.rakuten.co.jp/ioroi/sp-028/?rafcid=wsc_i_is_50166604-ae7d-4c5a-8764-c20e0c04c739
2026-04-05T22:35:14,search,PC周辺機器,モニター,PC モニター,sanwadirect:10087197,9980,サンワダイレクト楽天市場店,sanwadirect,1,4.64,76,467,3.0,10,2026-04-04 20:00,2026-04-10 01:59,https://thumbnail.image.rakuten.co.jp/@0_mall/sanwadirect/cabinet/1/100-deskf003.jpg?_ex=128x128,【楽天1位受賞】デスク パソコンデスク 省スペース 100cm幅 奥行60cm PCデスク ゲーミングデスク ワークデスク オフィスデスク コンパクト おしゃれ モニターアーム対応 ライティングデスク 学習デスク 書斎デスク 作業デスク 在宅デスク 机 学習机 勉強机 ミシン台,https://item.rakuten.co.jp/sanwadirect/100-deskf003/?rafcid=wsc_i_is_50166604-ae7d-4c5a-8764-c20e0c04c739
2026-04-05T22:34:49,search,スマホ周辺機器,モバイルバッテリー,モバイルバッテリー,wake:10000026,4829,ウエイクオンライン,wake,1,4.5,73,3118,3.0,1,,,https://thumbnail.image.rakuten.co.jp/@0_gold/wake/radio-md-090-p/f01.jpg?_ex=128x128,防災ラジオ 日本語マニュアル付 多機能 充電器 USB充電 モバイルバッテリー 4000mAh ソーラー発電 手回し充電 LEDライト テーブルライト 人感センサー 防犯灯 SOSアラーム 緊急ブザー ワイドFM対応 Andoroid iPhone 充電可能,https://item.rakuten.co.jp/wake/radio-md-090/?rafcid=wsc_i_is_50166604-ae7d-4c5a-8764-c20e0c04c739
2026-04-05T22:34:49,search,スマホ周辺機器,モバイルバッテリー,モバイルバッテリー,entamefactory:10000441,6980,FUNLOGY 楽天市場店,entamefactory,1,4.7,73,1043,4.0,1,,,https://thumbnail.image.rakuten.co.jp/@0_mall/entamefactory/cabinet/newlp/funlogy_lantern/slide/samune_bk.jpg?_ex=128x128,【送料無料】ランタン FUNLOGY Lantern LEDランタン キャンプ グランピング 充電式 無段階調色 無段階調光 220ルーメン 明るい 4000mAh 最大50時間 アウトドア モバイルバッテリー対応 USB-C 吊り下げ 停電 災害 ホワイト ブラック,https://item.rakuten.co.jp/entamefactory/funlogy_lantern/?rafcid=wsc_i_is_50166604-ae7d-4c5a-8764-c20e0c04c739
2026-04-05T22:35:25,search,デスク改善ガジェット,ノートPCスタンド,ノートPCスタンド,dotline:10000195,2290,Dot Line 便利雑貨&レディース靴,dotline,1,4.6,72,4359,3.0,1,,,https://thumbnail.image.rakuten.co.jp/@0_mall/dotline/cabinet/pc/s-laptop7dan/2511laptop/2511laptop-1.jpg?_ex=128x128,【5%OFFクーポン配布中！】 ノートパソコンスタンド パソコンスタンド 折りたたみ式 Z型 アルミ製 軽量 角度調整 高さ調整 7段階 7+9段階 放熱 冷却 滑り止め テレワーク 在宅勤務 肩こり対策 姿勢改善 ノートPC台 タブレットスタンド 母の日,https://item.rakuten.co.jp/dotline/998002pcstand/?rafcid=wsc_i_is_50166604-ae7d-4c5a-8764-c20e0c04c739
2026-04-05T22:35:34,search,デスク改善ガジェット,デスクライト,デスクライト,kakko:10008158,4180,楽しいインテリア北欧雑貨店 kakko,kakko,1,4.76,70,546,3.0,10,2025-10-22 20:00,9999-12-31 23:59,https://thumbnail.image.rakuten.co.jp/@0_mall/kakko/cabinet/marcs/c13mm009_1.jpg?_ex=128x128,ミッフィー グッズ Bundle Of Light【ミニサイズ 授乳ライト ナイトライト インテリアライト バンドルライト LEDライト 間接照明 miffy 照明 おしゃれ照明 ボリス ライオン 子供部屋 寝室 デスクライト かわいい 子供 Mr.Maria 誕生日 プレゼント 電気 出産祝い】,https://item.rakuten.co.jp/kakko/c13mm009/?rafcid=wsc_i_is_50166604-ae7d-4c5a-8764-c20e0c04c739
2026-04-05T22:35:34,search,デスク改善ガジェット,デスクライト,デスクライト,rennkou-syouji:10006982,4980,快適くらし館,rennkou-syouji,1,4.73,70,451,3.0,10,2026-04-03 17:00,2026-04-13 09:59,https://thumbnail.image.rakuten.co.jp/@0_mall/rennkou-syouji/cabinet/03338770/03352680/wasser/imgrc0069564337.jpg?_ex=128x128,【P10倍+100円OFFクーポンあり】LED卓上ライト 電気スタンド LEDデスクライト 読書灯 デスクスタンド wasser 卓上ライト テーブルライト テーブルスタンド led 学習机 学習用 目に優しい おしゃれ 調光 調色 ライト 間接照明 スタンドライト 子供部屋 プレゼント テレワーク,https://item.rakuten.co.jp/rennkou-syouji/wasser27-2/?rafcid=wsc_i_is_50166604-ae7d-4c5a-8764-c20e0c04c739
2026-04-05T22:34:49,search,スマホ周辺機器,モバイルバッテリー,モバイルバッテリー,justrich:10000977,7480,Colulu - コルル,justrich,1,4.36,70,9949,4.0,1,,,https://thumbnail.image.rakuten.co.jp/@0_mall/justrich/cabinet/12869221/imgrc0139335516.jpg?_ex=128x128,【最大40%OFF★正規ストア】 エアラブ5 エアラブ ベビーカーシート チャイルドシート 暑さ対策 ドーナツ ロリポップ マカロン オレオ エアラブ4プラス エアラブ4 ベビーカー ファンシート 赤ちゃん 夏 モバイルバッテリー ベビーカー 扇風機 airluv.,https://item.rakuten.co.jp/justrich/10000977/?rafcid=wsc_i_is_50166604-ae7d-4c5a-8764-c20e0c04c739
2026-04-05T22:34:49,search,スマホ周辺機器,モバイルバッテリー,モバイルバッテリー,cheeryshop:10000070,3680,Cheeryshop,cheeryshop,1,4.4,70,4594,4.0,1,,,https://thumbnail.image.rakuten.co.jp/@0_mall/cheeryshop/cabinet/b117mj/b117mj_ztk80_01.jpg?_ex=128x128,"★連続4年受賞・超人気★ 電熱ベスト バッテリー付き 40800mAh 17箇所発熱 日本製ヒーター 204連冠 300,000着+累計販売 ヒーターベスト 電熱ジャケット ベスト 中綿 3段階調温 速暖 洗える 電熱ウェア モバイルバッテリー 防寒インナー",https://item.rakuten.co.jp/cheeryshop/b1cdmjhe/?rafcid=wsc_i_is_50166604-ae7d-4c5a-8764-c20e0c04c739
2026-04-05T22:34:49,search,スマホ周辺機器,モバイルバッテリー,モバイルバッテリー,petitplanet:10000024,1790,petit planet 楽天市場店,petitplanet,1,4.6,70,4287,4.0,1,,,https://thumbnail.image.rakuten.co.jp/@0_mall/petitplanet/cabinet/car/bicyclelight/bicyclelight_01r02_1.jpg?_ex=128x128,【連続1位/台座2個】自転車ライト USB充電式 LEDライト 防水 自動点灯 センサー フロントライト 前照灯 台座2個付き 通学 通勤 最強 ロードバイク クロスバイク 懐中電灯,https://item.rakuten.co.jp/petitplanet/car-1002/?rafcid=wsc_i_is_50166604-ae7d-4c5a-8764-c20e0c04c739
2026-04-05T22:34:49,search,スマホ周辺機器,モバイルバッテリー,モバイルバッテリー,sincere-watch:10005632,8800,スマイルライフギフト -シンシア-,sincere-watch,1,4.61,69,1274,3.0,1,,,https://thumbnail.image.rakuten.co.jp/@0_mall/sincere-watch/cabinet/img014/relaxmrr_001m.jpg?_ex=128x128,【公式10％ OFFクーポン】公式限定色あり RELAX マルチレトロラジオ リラックス レトロ 多機能防災ラジオ 防災ラジオ bluetooth スピーカー 防災 小型 ライト 懐中電灯 手回し充電 モバイルバッテリー 昭和レトロ ワイヤレススピーカー アウトドア,https://item.rakuten.co.jp/sincere-watch/relaxmrr/?rafcid=wsc_i_is_50166604-ae7d-4c5a-8764-c20e0c04c739
2026-04-05T22:34:49,search,スマホ周辺機器,モバイルバッテリー,モバイルバッテリー,yoshedirect:10000026,2980,YOSHEDIRECT,yoshedirect,1,4.6,67,556,4.0,10,2026-04-04 10:00,2026-04-10 09:59,https://thumbnail.image.rakuten.co.jp/@0_mall/yoshedirect/cabinet/10401161/10401166/p10/y15.jpg?_ex=128x128,"【クーポン+P10倍で2,592円】【楽天週間1位】【1400ルーメン&15種点灯モード】自転車 ライト 4つ高輝度ビーズ 5800mAh大容量 ヘッドライト USB 充電式 IPX6防水 モバイルバッテリー機能付 電池残量表示 テールライト付き自転車用ライト 最大40時間点灯 PSE認証",https://item.rakuten.co.jp/yoshedirect/2312ss18/?rafcid=wsc_i_is_50166604-ae7d-4c5a-8764-c20e0c04c739
2026-04-05T22:34:49,search,スマホ周辺機器,モバイルバッテリー,モバイルバッテリー,kirinkokusaino2:10000053,5980,SF-store,kirinkokusaino2,1,4.47,67,301,4.0,10,2026-04-02 10:00,2026-04-10 01:59,https://thumbnail.image.rakuten.co.jp/@0_mall/kirinkokusaino2/cabinet/12908554/1.jpg?_ex=128x128,空調作業服 ファン付き 【40000mAh バッテリー&前後反射テープ付き】 ファン付き作業服 冷却服 3D循環送風 3段階風量調節可 通気 サイズ調節可 最大18時間送風 長袖 UVカット PSE認証済 熱中症予防 猛暑対策,https://item.rakuten.co.jp/kirinkokusaino2/kuucyoufuku/?rafcid=wsc_i_is_50166604-ae7d-4c5a-8764-c20e0c04c739
2026-04-05T22:34:49,search,スマホ周辺機器,モバイルバッテリー,モバイルバッテリー,case-by-case:10002089,2960,ケースbyケース,case-by-case,1,4.53,67,339,3.0,2,2026-04-01 03:00,2026-04-30 23:59,https://thumbnail.image.rakuten.co.jp/@0_mall/case-by-case/cabinet/08655288/12387037/imgrc0093407862.jpg?_ex=128x128,P倍★正規品 モバイルバッテリー【通常のリチウムイオン電池に比べ高い安全性 準固体電池】PSE認証 大容量 PC 小型 軽量 ケーブル内蔵 iPhone ワイヤレス ワイヤレス充電 magsafe 急速充電 タイプc ケーブル Android Type-c 急速 充電器 安全【日本ブランド】inklink 公式,https://item.rakuten.co.jp/case-by-case/300-1/?rafcid=wsc_i_is_50166604-ae7d-4c5a-8764-c20e0c04c739
2026-04-05T22:35:01,search,スマホ周辺機器,スマホスタンド,スマホスタンド,cicibella-sports:10001485,1680,cicibella sports,cicibella-sports,1,4.66,66,339,4.0,5,2026-04-04 00:00,2026-04-05 23:59,https://thumbnail.image.rakuten.co.jp/@0_mall/cicibella-sports/cabinet/fs2025/e4/top10-3.jpg?_ex=128x128,シシベラ クリアハンディファン 1〜100段階 大風量 5way ハンディファン 首かけ 手持ち扇風機 ハンディファン 扇風機 首掛け 扇風機 卓上 小型扇風機 携帯扇風機 扇風機 ネッククーラー コンパクト スマホスタンド バッテリー,https://item.rakuten.co.jp/cicibella-sports/e1-6/?rafcid=wsc_i_is_50166604-ae7d-4c5a-8764-c20e0c04c739
2026-04-05T22:35:34,search,デスク改善ガジェット,デスクライト,デスクライト,kodawari-ichiban:10093402,2480,こだわり一番館,kodawari-ichiban,1,4.51,66,2914,3.0,1,,,https://thumbnail.image.rakuten.co.jp/@0_mall/kodawari-ichiban/cabinet/light/light52.jpg?_ex=128x128,＜決算特別セール＞ 3段階 / 無段階 調光機能付き LEDデスクライト STICK STAND 【スティックスタンド】LEDデスクスタンド,https://item.rakuten.co.jp/kodawari-ichiban/light18/?rafcid=wsc_i_is_50166604-ae7d-4c5a-8764-c20e0c04c739
2026-04-05T22:35:34,search,デスク改善ガジェット,デスクライト,デスクライト,rennkou-syouji:10000068,3520,快適くらし館,rennkou-syouji,1,4.49,66,2130,3.0,1,,,https://thumbnail.image.rakuten.co.jp/@0_mall/rennkou-syouji/cabinet/03338770/03352680/led001-01.jpg?_ex=128x128,【10％OFFクーポンで3168円 楽天1位】デスクライト 学習机 led 目に優しい おしゃれ 調光 デスクスタンド 送料無料 電気スタンド 学習用 ライト照明 スタンドライト テーブルスタンド 卓上ライト LEDデスクスタンド 勉強机 ライト 読書灯 小型 寝室 ZOOM テレワーク,https://item.rakuten.co.jp/rennkou-syouji/deko0001/?rafcid=wsc_i_is_50166604-ae7d-4c5a-8764-c20e0c04c739
2026-04-05T22:35:43,search,デスク改善ガジェット,フットレスト,フットレスト デスク,beauvie:10010566,6980,Beau Vie(ボウ・ヴィ),beauvie,1,4.51,66,1841,3.0,1,,,https://thumbnail.image.rakuten.co.jp/@0_mall/beauvie/cabinet/bv-2/01-mouse-m_ye.jpg?_ex=128x128,【36%OFF｜期間限定クーポン】学習椅子 キッズ デスクチェア 子供 キャスター ストッパー 学習イス おしゃれ かわいい 学習チェア 足置き 子供用 昇降 ガス昇降式 足置きリング付き 椅子 チェア キッズチェア 送料無料 新生活 入学 マウス,https://item.rakuten.co.jp/beauvie/01-mouse/?rafcid=wsc_i_is_50166604-ae7d-4c5a-8764-c20e0c04c739
2026-04-05T22:35:34,search,デスク改善ガジェット,デスクライト,デスクライト,beaubelle:10000265,3480,おしゃれ照明・ライトのBeauBelle,beaubelle,1,4.54,66,1188,3.0,1,,,https://thumbnail.image.rakuten.co.jp/@0_mall/beaubelle/cabinet/beaubelle3/ckm071205b06_1.jpg?_ex=128x128,【選べる4カラー】シアターライティング 1灯 フロアスタンド レダ Belled フロアライト LED対応 間接照明 照明 おしゃれ 照明器具 インテリアライト テーブルランプ スタンドライト デスクライト 寝室 ベッドサイド リビング フロアランプ テーブルライト,https://item.rakuten.co.jp/beaubelle/ckm071205b06/?rafcid=wsc_i_is_50166604-ae7d-4c5a-8764-c20e0c04c739
2026-04-05T22:35:34,search,デスク改善ガジェット,デスクライト,デスクライト,gekiyasu-kagu001:10003195,7280,激安家具 楽天市場店,gekiyasu-kagu001,1,4.54,66,1153,3.0,1,,,https://thumbnail.image.rakuten.co.jp/@0_mall/gekiyasu-kagu001/cabinet/geki1/008521001/1105063.jpg?_ex=128x128,ランキング1位【最安値挑戦】デスクライト LED T型LEDデスクライト-GKA デスク ライト コンセント付 調光 目に優しい シンプル クランプ式 照明 机 学習机 |勉強机 おしゃれ 電気スタンド スタンドライト,https://item.rakuten.co.jp/gekiyasu-kagu001/1105063/?rafcid=wsc_i_is_50166604-ae7d-4c5a-8764-c20e0c04c739
2026-04-05T22:35:25,search,デスク改善ガジェット,ノートPCスタンド,ノートPCスタンド,hobinavi:10669698,2080,ホビナビ 楽天市場店,hobinavi,1,4.5,65,1515,3.0,1,,,https://thumbnail.image.rakuten.co.jp/@0_mall/hobinavi/cabinet/3/lpc/04/3lpc0401kasg-5.jpg?_ex=128x128,【楽天1位】ノートパソコン スタンド パソコン 台 PC 折りたたみ 高さ 角度 調節 持ち運び タブレット コンパクト 姿勢 腰 首 肩こり テレワーク リモート 姿勢改善 猫背対策 ストレートネック 13インチ 15.6インチ 17インチ 18インチ 19インチ Macbook Air Pro iPad,https://item.rakuten.co.jp/hobinavi/nts001-sil/?rafcid=wsc_i_is_50166604-ae7d-4c5a-8764-c20e0c04c739
2026-04-05T22:34:49,search,スマホ周辺機器,モバイルバッテリー,モバイルバッテリー,goodgoodsyn2:10000002,5280,グッド・グッズ LED照明通販,goodgoodsyn2,1,4.62,65,438,4.0,1,,,https://thumbnail.image.rakuten.co.jp/@0_mall/goodgoodsyn2/cabinet/toppage/chanpinshouyetu/09742223/yc-02w-csy5.jpg?_ex=128x128,グッドグッズ 投光器 充電式 停電対策 ランタン 作業灯 ワークライト マグネット付 釣り キャンプ 犬散歩 地震 cobタイプ 高輝度 20W 2500lm 超軽量 手持ち 登山 イベント 夜間照明 アウトドア 屋外 台風YC-02W,https://item.rakuten.co.jp/goodgoodsyn2/yc-02w-sale/?rafcid=wsc_i_is_50166604-ae7d-4c5a-8764-c20e0c04c739
2026-04-05T22:35:01,search,スマホ周辺機器,スマホスタンド,スマホスタンド,vancljapan:10002292,5380,CoCo-Shopping,vancljapan,1,4.25,63,650,4.0,5,2026-04-05 02:00,2026-04-05 23:59,https://thumbnail.image.rakuten.co.jp/@0_mall/vancljapan/cabinet/12017597/n510p266891-slt.jpg?_ex=128x128,【商品限定P5倍！】スーツケース Sサイズ Mサイズ Lサイズ ストッパー付き USBポート 容量拡張でき 大型 キャリーバッグ キャリーケース スマホスタンド ドリンクホルダー TSAロック 2日 3日 7日 TANOBI 9088hy【18ヶ月品質保証】,https://item.rakuten.co.jp/vancljapan/pp003392/?rafcid=wsc_i_is_50166604-ae7d-4c5a-8764-c20e0c04c739
2026-04-05T22:35:01,search,スマホ周辺機器,スマホスタンド,スマホスタンド,mystic-r:10000217,2480,Mystic Ridge 楽天市場店,mystic-r,1,4.64,63,394,4.0,5,2026-04-05 00:00,2026-04-10 01:59,https://thumbnail.image.rakuten.co.jp/@0_mall/mystic-r/cabinet/event/point/holder3-r21.jpg?_ex=128x128,＼今だけ！ポイント5倍／【選ばれて高評価★レビュー300件超！★楽天1位獲得★最新版】 スマホホルダー 自転車 バイク オートホールド 落下防止 振動吸収 着脱簡単 スマホスタンド 携帯ホルダー スマホ ホルダー スタンド スマートフォン ナビ 固定 防水 360度回転 【S66】,https://item.rakuten.co.jp/mystic-r/jh003/?rafcid=wsc_i_is_50166604-ae7d-4c5a-8764-c20e0c04c739
2026-04-05T22:34:49,search,スマホ周辺機器,モバイルバッテリー,モバイルバッテリー,comfystore:10000070,4180,ComfyStore,comfystore,1,4.4,63,326,4.0,5,2026-04-04 20:00,2026-04-10 23:59,https://thumbnail.image.rakuten.co.jp/@0_mall/comfystore/cabinet/08305310/08305313/zhutu.jpg?_ex=128x128,ledランタン 充電式 ランタン 13500mAh大容量 1000ルーメン 連続点灯約70時間 高輝度 防水 耐衝撃 3色切替 無段階調光 キャンプ ランタン キャンプ ライト 釣り 非常用 防災 災害用 吊り下げ マグネット 緊急充電機能 モバイルバッテリー機能付き,https://item.rakuten.co.jp/comfystore/co-bat-2/?rafcid=wsc_i_is_50166604-ae7d-4c5a-8764-c20e0c04c739
2026-04-05T22:35:01,search,スマホ周辺機器,スマホスタンド,スマホスタンド,mystic-r:10000066,1980,Mystic Ridge 楽天市場店,mystic-r,1,4.55,63,1765,4.0,1,,,https://thumbnail.image.rakuten.co.jp/@0_mall/mystic-r/cabinet/item/jh002/holder-r10.jpg?_ex=128x128,【選ばれて15冠★高評価★レビュー1700件超！】 スマホホルダー 自転車 バイク オートホールド 落下防止 振動吸収 着脱簡単 スマホスタンド 携帯ホルダー スマホ ホルダー スタンド スマートフォン ナビ 自動 ロック ワンタッチ 固定 【X66-OBL】,https://item.rakuten.co.jp/mystic-r/jh002/?rafcid=wsc_i_is_50166604-ae7d-4c5a-8764-c20e0c04c739
2026-04-05T22:34:49,search,スマホ周辺機器,モバイルバッテリー,モバイルバッテリー,h2brothers:10001899,5980,ONE STEP,h2brothers,1,4.36,63,1486,4.0,1,2026-04-02 14:00,2026-04-10 01:59,https://thumbnail.image.rakuten.co.jp/@0_mall/h2brothers/cabinet/babygoods/babycarseat01n_01_2.jpg?_ex=128x128,【★SALE 特別価格】Olum2 ベビーカーシート ファンシート ベビーカー扇風機 ファン付きベビーカーシート ベビー 保冷剤ポケット付き 夏用冷却シート メッシュ 汗対策 洗濯可能 チャイルドシート モバイルバッテリー対応 出産祝い,https://item.rakuten.co.jp/h2brothers/babycarseat01/?rafcid=wsc_i_is_50166604-ae7d-4c5a-8764-c20e0c04c739
2026-04-05T22:35:34,search,デスク改善ガジェット,デスクライト,デスクライト,ilemon:10000111,2680,ilemon,ilemon,1,4.44,62,4480,3.0,1,,,https://thumbnail.image.rakuten.co.jp/@0_mall/ilemon/cabinet/top/mjd1006--.jpg?_ex=128x128,【2個15％OFF★最大1年保証】デスクライト コードレス 学習 目に優しい led おしゃれ 学習机 充電式 卓上ライト 明るい 折りたたみ テレワーク勉強 スタンドライト 電気スタンド デスクランプ 寝室 照明 角度調整 調光調色 読書灯 子供 省エネ 2000mAh 25種モード,https://item.rakuten.co.jp/ilemon/mjd1006/?rafcid=wsc_i_is_50166604-ae7d-4c5a-8764-c20e0c04c739
2026-04-05T22:35:01,search,スマホ周辺機器,スマホスタンド,スマホスタンド,dsm-am:10000007,2980,エバーフレッシュ,dsm-am,1,4.47,62,2697,3.0,1,,,https://thumbnail.image.rakuten.co.jp/@0_mall/dsm-am/cabinet/10759412/10000007-tana.jpg?_ex=128x128,壁面収納 壁面ラック 壁掛け 3本セット 幅45cm×奥行き9cm ウォール シェルフ ラック 飾り棚 おしゃれ 取り付け簡単 神棚 ランドリー リビング トイレ 玄関 インテリア 北欧 人気 おすすめ 賃貸 安心 DIY 省スペース 人気,https://item.rakuten.co.jp/dsm-am/10000007/?rafcid=wsc_i_is_50166604-ae7d-4c5a-8764-c20e0c04c739
2026-04-05T22:35:06,search,PC周辺機器,キーボード,ワイヤレス キーボード,renetjapan:10000000,1848,リネットジャパン,renetjapan,1,4.5,62,1080,3.0,1,,,https://thumbnail.image.rakuten.co.jp/@0_mall/renetjapan/cabinet/item01/pht_a_s.jpg?_ex=128x128,【国認定】パソコン 小型家電 リサイクル 宅配回収料金 / 不用品 1箱にまとめて処分 廃棄 引き取り 買い替え / スマートウォッチ ワイヤレスイヤホン イヤホン タブレット プリンター キーボード 電子レンジ ドライヤー 空気清浄機 扇風機 ハンディファン 除湿器 スピーカー,https://item.rakuten.co.jp/renetjapan/item01/?rafcid=wsc_i_is_50166604-ae7d-4c5a-8764-c20e0c04c739
2026-04-05T22:34:49,search,スマホ周辺機器,モバイルバッテリー,モバイルバッテリー,enterb:10000020,6980,Enterbox,enterb,1,4.53,62,512,4.0,1,,,https://thumbnail.image.rakuten.co.jp/@0_mall/enterb/cabinet/product/mj10/zt_k50.jpg?_ex=128x128,楽天1位【モバイルバッテリー付】電熱ベスト ヒーターベスト 日本製繊維ヒーター 裏起毛 フード付き 5秒速暖 35800mAhバッテリー 加熱パネル15枚 3段温度調整 前後独立制御 大きいサイズ 防寒ベスト 洗える ベスト,https://item.rakuten.co.jp/enterb/2023yb-11/?rafcid=wsc_i_is_50166604-ae7d-4c5a-8764-c20e0c04c739
2026-04-05T22:34:49,search,スマホ周辺機器,モバイルバッテリー,モバイルバッテリー,mjmjstore:10000111,5280,エムジェストア,mjmjstore,1,4.63,62,452,4.0,1,,,https://thumbnail.image.rakuten.co.jp/@0_mall/mjmjstore/cabinet/solarlantern/q00.jpg?_ex=128x128,"＼限定セール！今だけP5倍＋最大2,000円OFF／★4/13再入荷予定★ ソーラーランタン 6000mAh LED キャンプ ランタン 充電式 最大80時間点灯 モバイルバッテリー機能 スマホ充電OK 無段階調光 吊り下げ 防災 停電対策 アウトドア",https://item.rakuten.co.jp/mjmjstore/mj-solarlantern/?rafcid=wsc_i_is_50166604-ae7d-4c5a-8764-c20e0c04c739
2026-04-05T22:34:49,search,スマホ周辺機器,モバイルバッテリー,モバイルバッテリー,goodgoodsy:10015914,4989,グッド・グッズ,goodgoodsy,1,4.55,62,350,4.0,1,,,https://thumbnail.image.rakuten.co.jp/@0_mall/goodgoodsy/cabinet/02292946/newtop/ds-8e-3c-sy.jpg?_ex=128x128,【新生活＆春の応援SALE】LEDランタン 充電式 明るい 乾電池 ランタン 電球色 昼白色 調光 調色 明るさ調節 停電対策 ベランピング キャンプ アウトドア ランプ 倉庫 クローゼット テーブルランプ おしゃれ バレンタイン ギフト DS-8E GOODGOODS,https://item.rakuten.co.jp/goodgoodsy/ds-8e-tst/?rafcid=wsc_i_is_50166604-ae7d-4c5a-8764-c20e0c04c739
2026-04-05T22:34:49,search,スマホ周辺機器,モバイルバッテリー,モバイルバッテリー,ennshopstore:10000063,9180,Rakuhome,ennshopstore,1,4.66,62,322,4.0,1,,,https://thumbnail.image.rakuten.co.jp/@0_mall/ennshopstore/cabinet/ba25/a25zt01_1021.jpg?_ex=128x128,【25箇所発熱&Max 65℃】 電熱ベスト バッテリー付き 50000mAh 日本製ヒーター 6段階調温 DC&USB給電 ヒーターベスト 電熱ジャケット ベスト 中綿 速暖 洗える 電熱ウェア モバイルバッテリー 防寒インナー,https://item.rakuten.co.jp/ennshopstore/ba25/?rafcid=wsc_i_is_50166604-ae7d-4c5a-8764-c20e0c04c739
2026-04-05T22:35:25,search,デスク改善ガジェット,ノートPCスタンド,ノートPCスタンド,zenlo:10000034,4380,ZENLO,zenlo,1,4.6,61,846,3.0,1,,,https://thumbnail.image.rakuten.co.jp/@0_mall/zenlo/cabinet/10937696/7.jpg?_ex=128x128,パソコンスタンド【★最大500円OFFクーポン】ノートパソコンスタンド 折りたたみ式 無段階調整 アルミ合金製 パソコンスタンド PCスタンド おしゃれ パソコン台 ノートPC スタンド ノートパソコン 台 パソコン台 卓上 PC台ZENLO 姿勢改善 [11-17.3インチ] Mac/iPad/在宅勤務,https://item.rakuten.co.jp/zenlo/dnzj_1/?rafcid=wsc_i_is_50166604-ae7d-4c5a-8764-c20e0c04c739
2026-04-05T22:35:43,search,デスク改善ガジェット,フットレスト,フットレスト デスク,alamode:10025291,7980,ヤマソロ 楽天市場店,alamode,1,4.52,61,420,3.0,1,,,https://thumbnail.image.rakuten.co.jp/@0_mall/alamode/cabinet/yamasoro10/42-9070.jpg?_ex=128x128,【クーポン対象商品】学習椅子 デスクチェア 子供 かわいい 小学生 中学生 イス 姿勢 足置き 勉強 回転 おしゃれ 疲れにくい キャスター コンパクト 昇降 シンプル 通気性 座面低め レザー ホワイト 白 パオロ PAOLO,https://item.rakuten.co.jp/alamode/42-9070/?rafcid=wsc_i_is_50166604-ae7d-4c5a-8764-c20e0c04c739
2026-04-05T22:35:01,search,スマホ周辺機器,スマホスタンド,スマホスタンド,fukuroyuri:10000264,1978,one-more,fukuroyuri,1,4.27,60,442,4.0,20,2026-04-04 00:00,2026-05-02 09:59,https://thumbnail.image.rakuten.co.jp/@0_mall/fukuroyuri/cabinet/06020219/imgrc0092429294.jpg?_ex=128x128,[楽天1位] 自転車 iPhone アンドロイド スマホホルダー 携帯ホルダー 自転車 バイク スマホスタンド スマホフォルダー キックボード オートロック 360度回転 自由調節 スマートフォン スマホ ホルダー 脱落防止,https://item.rakuten.co.jp/fukuroyuri/zxczj-1/?rafcid=wsc_i_is_50166604-ae7d-4c5a-8764-c20e0c04c739
2026-04-05T22:35:01,search,スマホ周辺機器,スマホスタンド,スマホスタンド,tokyobiken:10000008,1980,TOKYOBIKEN 楽天市場店,tokyobiken,1,4.41,60,335,4.0,10,2026-04-04 10:00,2026-04-10 09:59,https://thumbnail.image.rakuten.co.jp/@0_mall/tokyobiken/cabinet/10049246/10049248/w58-1.jpg?_ex=128x128,"＼P10倍+クーポンで1,692円／【楽天1位】自転車 スマホホルダー バイク用 防水 脱落防止 360度回転 ワンタッチ バイク携帯ホルダー 振れ止め 自動ロック GPSナビ 携帯ホルダー 自転車ホルダー 固定用 脱着簡単 4.5-7インチ対応 多機種対応 おすすめ",https://item.rakuten.co.jp/tokyobiken/w58/?rafcid=wsc_i_is_50166604-ae7d-4c5a-8764-c20e0c04c739
2026-04-05T22:35:25,search,デスク改善ガジェット,ノートPCスタンド,ノートPCスタンド,dailycompass:10000381,2980,デイリーコンパス,dailycompass,1,4.53,60,350,3.0,1,,,https://thumbnail.image.rakuten.co.jp/@0_mall/dailycompass/cabinet/products/08233524/1c-7.jpg?_ex=128x128,5色 折りたたみ パソコンスタンド PCスタンド ｜ ブラック レッド シルバー グレー おしゃれ ipad 10インチ 17インチ 対応 軽量 コンパクト 耐荷重6.5kg 高硬度 アルミ合金 頑丈 安定 姿勢 高さ 角度 調整 デスク 滑り止め ノートパソコン,https://item.rakuten.co.jp/dailycompass/k0252_pcstand/?rafcid=wsc_i_is_50166604-ae7d-4c5a-8764-c20e0c04c739
2026-04-05T22:35:34,search,デスク改善ガジェット,デスクライト,デスクライト,hype:10066275,2444,HYPE,hype,1,4.6,59,335,3.0,5,2026-04-04 20:00,2026-04-10 01:59,https://thumbnail.image.rakuten.co.jp/@0_mall/hype/cabinet/sgazo48/7988386_1.jpg?_ex=128x128,【高輝度・省電力】LED 卓上 ライト 間接照明 おしゃれ テーブルランプ 北欧 ベッドライト ★REVM 7988386 照明 ランプ 一人暮らし ナイトランプ ムードランプ インテリア 雑貨 スタンドライト フロアライト ベッドサイド ルームライト 寝室 usb 電気スタンド フロアランプ,https://item.rakuten.co.jp/hype/7988386/?rafcid=wsc_i_is_50166604-ae7d-4c5a-8764-c20e0c04c739
2026-04-05T22:35:34,search,デスク改善ガジェット,デスクライト,デスクライト,auc-risecreation:10004386,2780,atRise(アットライズ),auc-risecreation,1,4.4,59,3567,3.0,1,,,https://thumbnail.image.rakuten.co.jp/@0_mall/auc-risecreation/cabinet/product/top/y0662_c.jpg?_ex=128x128,【★20%OFF4/10 23:59迄】 最大1年保証 送料無料★楽天1位防災 ライト デスクライト LED 充電式 目に優しい 勉強 学習机 受験 おしゃれ ワイド 広範囲 明るい 調光 調色 タイマー テレワーク 卓上ライト スタンドライト,https://item.rakuten.co.jp/auc-risecreation/y0662/?rafcid=wsc_i_is_50166604-ae7d-4c5a-8764-c20e0c04c739
2026-04-05T22:35:34,search,デスク改善ガジェット,デスクライト,デスクライト,meilulan:10000172,1836,Umimile,meilulan,1,4.61,59,1831,3.0,1,,,https://thumbnail.image.rakuten.co.jp/@0_mall/meilulan/cabinet/08435197/09465204/imgrc0105282333.jpg?_ex=128x128,【保証最大2年】【楽天1位】Umimile ナイトライト ベッドサイドランプ 授乳ライト タッチセンサー 色温度/明るさ調整可 usb充電 テーブルランプ 間接照明 常夜灯 メモリー機能 枕元ライト 出産祝い 誕生日 プレゼント 送料無料,https://item.rakuten.co.jp/meilulan/r2-yd-djy/?rafcid=wsc_i_is_50166604-ae7d-4c5a-8764-c20e0c04c739
2026-04-05T22:35:34,search,デスク改善ガジェット,デスクライト,デスクライト,rennkou-syouji:10000259,3520,快適くらし館,rennkou-syouji,1,4.48,59,1254,3.0,1,,,https://thumbnail.image.rakuten.co.jp/@0_mall/rennkou-syouji/cabinet/03338770/03352680/led001-02.jpg?_ex=128x128,【10％OFFクーポンで3168円 楽天1位】デスクライト LED デスクスタンド 卓上ライト 学習机 学習用 目に優しい おしゃれ 調光 電気スタンド ライト 照明 間接照明 スタンドライト テーブルライト テーブルスタンド ネイル ledライト 寝室 ZOOM 在宅勤務 テレワーク,https://item.rakuten.co.jp/rennkou-syouji/deko0001-4/?rafcid=wsc_i_is_50166604-ae7d-4c5a-8764-c20e0c04c739
2026-04-05T22:35:25,search,デスク改善ガジェット,ノートPCスタンド,ノートPCスタンド,sanwadirect:10050952,6980,サンワダイレクト楽天市場店,sanwadirect,1,4.27,59,1174,3.0,1,,,https://thumbnail.image.rakuten.co.jp/@0_mall/sanwadirect/cabinet/1/100-desk040.jpg?_ex=128x128,【楽天1位受賞】サイドテーブル キャスター 付き ナイトテーブル ベッドサイドテーブル ノートパソコンスタンド ソファーテーブル 昇降 おしゃれ ベッドテーブル,https://item.rakuten.co.jp/sanwadirect/100-desk040/?rafcid=wsc_i_is_50166604-ae7d-4c5a-8764-c20e0c04c739
2026-04-05T22:35:34,search,デスク改善ガジェット,デスクライト,デスクライト,trade-abc:10012443,2280,Trade-ABC 楽天市場店,trade-abc,1,4.74,59,1109,3.0,1,,,https://thumbnail.image.rakuten.co.jp/@0_mall/trade-abc/cabinet/228/th_228_no1.jpg?_ex=128x128,"＼1,096件レビュー突破！／ブックライト 読書ライト 読書灯 クリップライト ベッド 目に優しい LED 5段階調光 3種の色温度 ポータブル クリップ 明るさ調整 角度調整 Glocusent 持ち運び 車 LEDリーディングライト 寝かしつけ 照明 小型デスクライト BB 228-K163-N01",https://item.rakuten.co.jp/trade-abc/228-k163-n01/?rafcid=wsc_i_is_50166604-ae7d-4c5a-8764-c20e0c04c739
2026-04-05T22:35:34,search,デスク改善ガジェット,デスクライト,デスクライト,e-akari:10068036,2580,JOYライト,e-akari,1,4.62,58,533,3.0,3,2026-04-04 20:00,2026-04-13 09:59,https://thumbnail.image.rakuten.co.jp/@0_mall/e-akari/cabinet/09884251/11701948/7132613.jpg?_ex=128x128,[P3倍★4日20:00-13日9:59]＼目にやさしい／ 【楽天1位】デスクライト おしゃれ led スタンドライト 卓上 LED 照明 卓上ライト 明るい 調光 無段階 調色 3段階 テーブルランプ タッチセンサー 角度調整 目に優しい 省エネ 学習机 ベッドサイド ネイル PDL-101 *,https://item.rakuten.co.jp/e-akari/7132613/?rafcid=wsc_i_is_50166604-ae7d-4c5a-8764-c20e0c04c739
2026-04-05T22:35:34,search,デスク改善ガジェット,デスクライト,デスクライト,akarie:10159142,2580,健幸館,akarie,1,4.64,58,387,3.0,3,2026-04-04 20:00,2026-04-10 23:59,https://thumbnail.image.rakuten.co.jp/@0_mall/akarie/cabinet/11170034/11355682/11799495/imgrc0107223638.jpg?_ex=128x128,≪ポイント3倍★10日まで≫＼省エネ★／デスクライト おしゃれ led 学習机 省エネ 節電 目に優しい 調光調色 PDL-101-W アイリスオーヤマ スタンドライト テーブルランプ LEDデスクライト 角度調整 無段階調光 調色3段階 卓上ライト 【TNAG】,https://item.rakuten.co.jp/akarie/7132613/?rafcid=wsc_i_is_50166604-ae7d-4c5a-8764-c20e0c04c739
2026-04-05T22:34:49,search,スマホ周辺機器,モバイルバッテリー,モバイルバッテリー,kurashido:10000072,5940,kurashido,kurashido,1,4.53,58,794,3.0,1,,,https://thumbnail.image.rakuten.co.jp/@0_mall/kurashido/cabinet/bs/multi2_henkou/imgrc0109612322.jpg?_ex=128x128,＼ 3way蓄電式で安心◎ ／ 防災ラジオ マルチレスキューライト2 小型 防災ライト ソーラー 手回し 防災 ライト 多機能 防水 ソーラー多機能ラジオ ラジオ スマホ 充電 モバイルバッテリー 災害 USB 乾電池 電池式 ワイドFM,https://item.rakuten.co.jp/kurashido/8-rl/?rafcid=wsc_i_is_50166604-ae7d-4c5a-8764-c20e0c04c739
2026-04-05T22:34:49,search,スマホ周辺機器,モバイルバッテリー,モバイルバッテリー,kinokokinoko:10010605,4820,HAPPYJOINT(ハッピージョイント),kinokokinoko,1,4.63,58,638,3.0,1,,,https://thumbnail.image.rakuten.co.jp/@0_mall/kinokokinoko/cabinet/led/led07/mt0001_main01.jpg?_ex=128x128,防災ラジオ 多機能 手回し ソーラー 【1年保証】 充電 4000mAh《全6色》〔ラジオ 防災 防災ライト マルチラジオ 充電器 モバイルバッテリー USB ライト LED 懐中電灯 発電 ダイナモ 手動 充電 防水 おしゃれ スマホ 災害 地震対策 停電〕,https://item.rakuten.co.jp/kinokokinoko/mt0001/?rafcid=wsc_i_is_50166604-ae7d-4c5a-8764-c20e0c04c739
2026-04-05T22:34:49,search,スマホ周辺機器,モバイルバッテリー,モバイルバッテリー,keynice:10000014,3780,Greeshow公式 楽天市場店,keynice,1,4.54,58,603,3.0,1,,,https://thumbnail.image.rakuten.co.jp/@0_mall/keynice/cabinet/10521877/imgrc0086620868.jpg?_ex=128x128,『1年保証』Greeshow 防災ラジオ 手回し充電 ソーラー 小型ラジオ 多機能 ポータブル 懐中電灯 緊急電源 スマホ充電 SOS 防災グッズ キャンプ モバイルバッテリー LEDライト USB充電 携帯ラジオ 生活防水 地震/台風/停電対策 災害用 周波数 AM/FM,https://item.rakuten.co.jp/keynice/xln-383/?rafcid=wsc_i_is_50166604-ae7d-4c5a-8764-c20e0c04c739
2026-04-05T22:34:49,search,スマホ周辺機器,モバイルバッテリー,モバイルバッテリー,r1-shop:10000090,2980,RONE_SHOP,r1-shop,1,4.6,58,582,4.0,1,,,https://thumbnail.image.rakuten.co.jp/@0_mall/r1-shop/cabinet/09975530/09993525/dz.jpg?_ex=128x128,ランタン ledライト 充電式 2個セット 3600mAh 高輝度 700ルーメン ハンディライト led USB充電式 4way 懐中電灯 虫よけライト 非常灯 SOSライト モバイルバッテリー機能 IPX7防水 コンパクト マグネットで取付 持ち運び便利 停電 台風 防災対策 2026,https://item.rakuten.co.jp/r1-shop/zx000d/?rafcid=wsc_i_is_50166604-ae7d-4c5a-8764-c20e0c04c739
2026-04-05T22:34:49,search,スマホ周辺機器,モバイルバッテリー,モバイルバッテリー,diw-shop:10000165,1980,D-SHOP楽天市場店,diw-shop,1,4.5,58,507,4.0,1,,,https://thumbnail.image.rakuten.co.jp/@0_mall/diw-shop/cabinet/06903962/10572890/bicycle_light1-2.jpg?_ex=128x128,【楽天ランキング第1位】自転車ライト フロントライト LED高輝度 3段階調光 ソーラー＆USB充電 モバイルバッテリー機能 IP65防塵防水 軽量 PSE認証済 取付簡単 ロードバイク サイクリング 防災停電対策 アウトドア 日中夜間 一年保証,https://item.rakuten.co.jp/diw-shop/compass1662026117/?rafcid=wsc_i_is_50166604-ae7d-4c5a-8764-c20e0c04c739
2026-04-05T22:34:49,search,スマホ周辺機器,モバイルバッテリー,モバイルバッテリー,vanilla-vague:10522107,5680,LAD WEATHER(ラドウェザー)公式,vanilla-vague,1,4.53,58,462,3.0,1,,,https://thumbnail.image.rakuten.co.jp/@0_gold/vanilla-vague/images/thumb/ledmaster014-thum740-001.jpg?_ex=128x128,ラジオ 防災グッズ 防災ラジオ 防水 AM/FMラジオ 防災 懐中電灯 LEDライト モバイルバッテリー ソーラー SOSサイレン スピーカー USB充電 電池 手回し ポータブルラジオ 災害用 防災用品 アウトドア用品 キャンプ用品 アウトドア キャンプ 人気 LAD WEATHER ラドウェザー,https://item.rakuten.co.jp/vanilla-vague/ledmaster014/?rafcid=wsc_i_is_50166604-ae7d-4c5a-8764-c20e0c04c739
2026-04-05T22:35:34,search,デスク改善ガジェット,デスクライト,デスクライト,air-rhizome:10009181,4413,エア・リゾーム インテリア,air-rhizome,1,4.5,58,416,3.0,1,,,https://thumbnail.image.rakuten.co.jp/@0_mall/air-rhizome/cabinet/kago-img1s/2asl-kago1.jpg?_ex=128x128,"【4/4 20:00〜4/5まで！最大3,500円OFFクーポン配布中】 間接照明 寝室 スタンドライト テーブルランプ 照明 テーブルライト ライト 北欧 インテリア スタンド照明 フロアライト デスクライト インテリア照明 モダン おしゃれ かわいい 新生活 LED 電球対応 天然木",https://item.rakuten.co.jp/air-rhizome/air-jtl-tb0059/?rafcid=wsc_i_is_50166604-ae7d-4c5a-8764-c20e0c04c739
2026-04-05T22:35:43,search,デスク改善ガジェット,フットレスト,フットレスト デスク,relief10:10000016,3980,relief10,relief10,1,4.59,58,412,3.0,1,,,https://thumbnail.image.rakuten.co.jp/@0_mall/relief10/cabinet/08114685/10000016.jpg?_ex=128x128,＼ランキング1位獲得／＜最強配送対応＞人気youtuberも紹介!!足枕 フットレスト 低反発 クッション 足置き デスク 大きいサイズ 足が沈み込みすぎない硬めタイプ オフィス デスクワーク 足置きクッション 足用クッション 足置き台 ふっとレスト ReLarela,https://item.rakuten.co.jp/relief10/10000016/?rafcid=wsc_i_is_50166604-ae7d-4c5a-8764-c20e0c04c739
2026-04-05T22:34:49,search,スマホ周辺機器,モバイルバッテリー,モバイルバッテリー,vanilla-vague:10521861,2280,LAD WEATHER(ラドウェザー)公式,vanilla-vague,1,4.52,58,403,4.0,1,,,https://thumbnail.image.rakuten.co.jp/@0_gold/vanilla-vague/images/thumb/ledmaster004-thum-740-001.jpg?_ex=128x128,闇を切り裂く400ルーメンの輝き！超輝度LEDライト ワークライト 2WAY点灯 COB 折り畳み式 充電式バッテリー 軽量 懐中電灯 災害/震災/防災 グッズ アウトドア/キャンプ LAD WEATHER ラドウェザー 送料無料,https://item.rakuten.co.jp/vanilla-vague/ledmaster004/?rafcid=wsc_i_is_50166604-ae7d-4c5a-8764-c20e0c04c739
2026-04-05T22:35:43,search,デスク改善ガジェット,フットレスト,フットレスト デスク,mygear:10000100,3980,マイコンフォート 楽天市場店,mygear,1,4.61,58,384,3.0,1,,,https://thumbnail.image.rakuten.co.jp/@0_mall/mygear/cabinet/item/mycomfort/premiumfootrest/banner_28.jpg?_ex=128x128,★スペシャルセール★クーポン配布中！【足元から創り上げる美姿勢】 フットレスト プレミアム 足枕 足 飛行機 デスクワーク デスク クッション 足置き台 足置き 車 高反発 予防 美姿勢 足まくら オットマン リクライニングチェア オフィス マイコンフォート,https://item.rakuten.co.jp/mygear/footrest/?rafcid=wsc_i_is_50166604-ae7d-4c5a-8764-c20e0c04c739
2026-04-05T22:35:34,search,デスク改善ガジェット,デスクライト,デスクライト,goodgoodsyn2:10001871,5544,グッド・グッズ LED照明通販,goodgoodsyn2,1,4.52,58,345,3.0,1,,,https://thumbnail.image.rakuten.co.jp/@0_mall/goodgoodsyn2/cabinet/toppage/chanpinshouyetu/06151677/ds-8e-3c-sy2.jpg?_ex=128x128,GOODGOODS LED ランタン 充電式 電池式 乾電池 電球色昼光色 調光調色 usb レトロ プレゼント 木目調 おしゃれ 雰囲気 インテリア ブラック テーブルランプ アウトドア 非常時 停電対策 キャンプ BBQ アンティーク ギフト キャンプランタン DS-8E,https://item.rakuten.co.jp/goodgoodsyn2/ds-8e-sale/?rafcid=wsc_i_is_50166604-ae7d-4c5a-8764-c20e0c04c739
2026-04-05T22:34:49,search,スマホ周辺機器,モバイルバッテリー,モバイルバッテリー,baieiten:10000644,4980,baieiten fashion,baieiten,1,4.21,58,324,4.0,1,,,https://thumbnail.image.rakuten.co.jp/@0_mall/baieiten/cabinet/10907653/12044151/0101-1.jpg?_ex=128x128,【2025最新版】「正規品」ファン付き作業服 バッテリー ファンセット 22V高出力 大容量 モバイルバッテリー付き 30000mAhバッテリーセット 4段階調節 大風量 低騒音 静音 ファン付きベスト用 長い稼働時間 USB給電 PSE認証,https://item.rakuten.co.jp/baieiten/r0a1a/?rafcid=wsc_i_is_50166604-ae7d-4c5a-8764-c20e0c04c739
2026-04-05T22:34:49,search,スマホ周辺機器,モバイルバッテリー,モバイルバッテリー,asamu:10000009,4180,アサム,asamu,1,4.3,58,310,4.0,1,,,https://thumbnail.image.rakuten.co.jp/@0_mall/asamu/cabinet/202409ss/2024nor/zxcd-z02-bk.jpg?_ex=128x128,"【お買い得！★クーポンで2,926円】 自転車 ライト LED 高輝度 USB充電式 3500mAh 5つ調光モード 高輝度 防水 軽量 クロスバイク マウンテンバイク ロードバイク 明るい サイクルライト 取り外し可 長持ち 夜間走行 強光 懐中電灯 電池/工具不要 送料無料",https://item.rakuten.co.jp/asamu/zxcd-z02-bk/?rafcid=wsc_i_is_50166604-ae7d-4c5a-8764-c20e0c04c739
2026-04-05T22:35:34,search,デスク改善ガジェット,デスクライト,デスクライト,rennkou-syouji:10008760,3980,快適くらし館,rennkou-syouji,1,4.5,58,304,3.0,1,,,https://thumbnail.image.rakuten.co.jp/@0_mall/rennkou-syouji/cabinet/03338770/03352680/wasser/imgrc0071145980.jpg?_ex=128x128,【15％OFFクーポンで3383円】テーブルランプ おしゃれ タッチセンサー テーブルライト おしゃれ LED ランプ ベッドサイド wasser 読書灯 照明 間接照明 フロアライト 電気スタンド 卓上 寝室 子供 授乳灯 授乳ライト 常夜灯 北欧 おしゃれ,https://item.rakuten.co.jp/rennkou-syouji/wasser41/?rafcid=wsc_i_is_50166604-ae7d-4c5a-8764-c20e0c04c739
2026-04-05T22:35:34,search,デスク改善ガジェット,デスクライト,デスクライト,rennkou-syouji:10008761,8800,快適くらし館,rennkou-syouji,1,4.64,58,302,3.0,1,,,https://thumbnail.image.rakuten.co.jp/@0_mall/rennkou-syouji/cabinet/03338770/03352680/wasser/imgrc0071146876.jpg?_ex=128x128,【15％OFFクーポンで7480円】デスクライト LED クリップライト クランプ式 T字型 80cm ワイド幅 高性能 電気スタンド led 目に優しい 調色 調光 学習机 デスク取り付けタイプ 多角度調整可能 デスクスタンド 寝室 スタンドライト 照明 読書灯 クランプ テレワーク,https://item.rakuten.co.jp/rennkou-syouji/wasser42/?rafcid=wsc_i_is_50166604-ae7d-4c5a-8764-c20e0c04c739
2026-04-05T22:35:25,search,デスク改善ガジェット,ノートPCスタンド,ノートPCスタンド,authentic-one:10000002,1580,Authentic One,authentic-one,1,4.58,57,882,3.0,1,,,https://thumbnail.image.rakuten.co.jp/@0_mall/authentic-one/cabinet/b004pcsta1s.jpg?_ex=128x128,【楽天1位】ノートパソコンスタンド PCスタンド 6段階調節 パソコンスタンド 折りたたみ式 アルミ 縦置き アームトレー 改良版 ホルダー pcスタンド テレワーク アルミ 高さ 角度調節 楽天1位 軽量 タブレット,https://item.rakuten.co.jp/authentic-one/b004pcsta1/?rafcid=wsc_i_is_50166604-ae7d-4c5a-8764-c20e0c04c739
2026-04-05T22:35:25,search,デスク改善ガジェット,ノートPCスタンド,ノートPCスタンド,monoca-labo:10000454,2490,monoca-labo,monoca-labo,1,4.52,57,305,3.0,1,,,https://thumbnail.image.rakuten.co.jp/@0_mall/monoca-labo/cabinet/07907930/08205085/imgrc0112845565.jpg?_ex=128x128,【楽天1位】パソコンスタンド ノートPCスタンド ノートパソコンスタンド 折り畳み pcスタンド タブレット 冷却 パソコン台 pc台 縦置き ipad/macbook air pro/スマホ/書類/楽譜/9〜17インチ アルミ 肩こり/腰痛/猫背改善 7/9段階調節 軽量 コンパクト 机上/卓上 テレワーク,https://item.rakuten.co.jp/monoca-labo/22-pc-3-1/?rafcid=wsc_i_is_50166604-ae7d-4c5a-8764-c20e0c04c739
2026-04-05T22:35:01,search,スマホ周辺機器,スマホスタンド,スマホスタンド,mystic-r:10000001,1980,Mystic Ridge 楽天市場店,mystic-r,1,4.34,56,792,4.0,5,2026-04-05 00:00,2026-04-10 01:59,https://thumbnail.image.rakuten.co.jp/@0_mall/mystic-r/cabinet/event/point/x66-r16.jpg?_ex=128x128,＼今だけ！ポイント5倍／【レビュー700件超！高評価★ランキング1位受賞】 自転車 スマホホルダー バイク 落下防止 スマホスタンド 携帯ホルダー スマホ ホルダー スタンド スマートフォン GPSナビ 固定 防水 360度回転 おしゃれ かわいい アーム 通勤 通学 【改良版X66】,https://item.rakuten.co.jp/mystic-r/jh001/?rafcid=wsc_i_is_50166604-ae7d-4c5a-8764-c20e0c04c739
2026-04-05T22:34:49,search,スマホ周辺機器,モバイルバッテリー,モバイルバッテリー,kures-store:10000256,2880,ACLUO楽天市場店,kures-store,1,4.29,56,427,4.0,5,2026-04-04 20:00,2026-04-10 01:59,https://thumbnail.image.rakuten.co.jp/@0_mall/kures-store/cabinet/mainimg/2025nor/return/mj19-nor-2.jpg?_ex=128x128,"＼先着限定87%OFFで2,880円~更にP5倍／ 電熱ベスト ヒーターベスト 45800mAh 11枚ヒーター 発熱ベスト 3段温度調整 防寒ベスト 電熱ジャケット 加熱ベスト 電気ベスト レディース メンズ バイクウェア 防寒 電熱ウェア 工作服 男女兼用 加熱服 作業服 newlife2026",https://item.rakuten.co.jp/kures-store/frmj/?rafcid=wsc_i_is_50166604-ae7d-4c5a-8764-c20e0c04c739
2026-04-05T22:34:49,search,スマホ周辺機器,モバイルバッテリー,モバイルバッテリー,artpiece:10000492,2980,ARTPIECE,artpiece,1,4.45,56,1815,4.0,1,,,https://thumbnail.image.rakuten.co.jp/@0_mall/artpiece/cabinet/ss202603/kx3-nor.jpg?_ex=128x128,"【5倍ポイント2,980円】 ＼楽天連続1位／ 40時間連続使用 自転車 ライト LED 防水 USB充電式 自転車ライト 高輝度 モバイルバッテリー機能 マウンテンバイク ロードバイク クロスバイク 明るい サイクルライト 取り外し 停電対策 送料無料",https://item.rakuten.co.jp/artpiece/kx3/?rafcid=wsc_i_is_50166604-ae7d-4c5a-8764-c20e0c04c739
2026-04-05T22:35:01,search,スマホ周辺機器,スマホスタンド,スマホスタンド,fukei:10000422,1500,風景商家,fukei,1,4.3,55,1035,3.0,1,,,https://thumbnail.image.rakuten.co.jp/@0_mall/fukei/cabinet/09052059/11019321/tu1-926.jpg?_ex=128x128,【売り尽くしセール開催中！2380円→1500】角度調節タイプ登場！スマホスタンド マグネット式 magsafe式 車載ホルダー ワイヤレス充電器 電動真空吸着式 スマホホルダー 安定性抜群 片手操作 携帯ホルダー 取り付け簡単 for iPhone 17 16 15 繰り返す使用可能 タブレット対応,https://item.rakuten.co.jp/fukei/206-zj-05/?rafcid=wsc_i_is_50166604-ae7d-4c5a-8764-c20e0c04c739
2026-04-05T22:34:49,search,スマホ周辺機器,モバイルバッテリー,モバイルバッテリー,excitech:10000219,4990,いいねONLINE公式 楽天市場店,excitech,1,4.36,55,617,4.0,1,,,https://thumbnail.image.rakuten.co.jp/@0_mall/excitech/cabinet/excitech/hv17/hv17-th-02.jpg?_ex=128x128,電熱ベスト ヒーターベスト バッテリーセット 【楽天1位】 EXCITECH エキサイテック バッテリー付き ヒートベスト モバイルバッテリー 冬 薄手 薄い 作業用ベスト ベスト ユニセックス 防寒着 防寒ベスト 作業着 洗濯可 速暖 洗える,https://item.rakuten.co.jp/excitech/excitech-heatvest-set-001/?rafcid=wsc_i_is_50166604-ae7d-4c5a-8764-c20e0c04c739
2026-04-05T22:35:43,search,デスク改善ガジェット,フットレスト,フットレスト デスク,ichifujiec:10000130,2280,ICHIFUJI Online,ichifujiec,1,4.5,55,600,4.0,1,,,https://thumbnail.image.rakuten.co.jp/@0_mall/ichifujiec/cabinet/nk052/nk052001.jpg?_ex=128x128,ストレッチボード 傾斜台 ふくらはぎ O脚 X脚 デスクフットレスト フットスツール アキレス腱 足首 伸ばし 滑り止めデザイン 足首ストレッチ 調節可能 傾斜ボード 足踏み 脹脛 太もも プレートストレッチ,https://item.rakuten.co.jp/ichifujiec/nk052/?rafcid=wsc_i_is_50166604-ae7d-4c5a-8764-c20e0c04c739
2026-04-05T22:34:49,search,スマホ周辺機器,モバイルバッテリー,モバイルバッテリー,scandinavie:10000157,3300,The Scandinavie 楽天市場店,scandinavie,1,4.49,55,509,4.0,1,,,https://thumbnail.image.rakuten.co.jp/@0_mall/scandinavie/cabinet/2102lantan/1lantan32top2.jpg?_ex=128x128,【NHKあさイチで紹介！明るさにびっくり！】ランタン 充電式 送料無料 led 1000ルーメン ライト キャンプ ZASHBEAR LEDランタン usb充電 キャンプ用品 アウトドア 暖色 防水 懐中電灯 防災 車中泊 災害用 停電 充電 キャンプ,https://item.rakuten.co.jp/scandinavie/00031/?rafcid=wsc_i_is_50166604-ae7d-4c5a-8764-c20e0c04c739
2026-04-05T22:34:49,search,スマホ周辺機器,モバイルバッテリー,モバイルバッテリー,marubi01:10000019,5750,marubi,marubi01,1,4.3,55,392,4.0,1,,,https://thumbnail.image.rakuten.co.jp/@0_mall/marubi01/cabinet/mainimg-off/v03.jpg?_ex=128x128,"【クーポンで 4,750 円〜×P5倍●お買い物マラソン】＼楽天1位／ 電熱ベスト 日本製繊維 ヒーターベスト 16箇所発熱 防寒ベスト モバイルバッテリー 発熱ベスト レディース メンズ 防寒着 超速暖 バイク秋冬 大きいサイズ 温熱ベスト 3段階温度調整 冬用 丸洗いOK USB給電式",https://item.rakuten.co.jp/marubi01/mj9-1/?rafcid=wsc_i_is_50166604-ae7d-4c5a-8764-c20e0c04c739
2026-04-05T22:35:01,search,スマホ周辺機器,スマホスタンド,スマホスタンド,valuefactory:10000016,1999,自撮り棒専門ActyGo正規販売店,valuefactory,1,4.71,55,389,4.0,1,,,https://thumbnail.image.rakuten.co.jp/@0_mall/valuefactory/cabinet/08790739/10276189/imgrc0100200578.jpg?_ex=128x128,【楽天1位＆満足度99%＆驚きの保証】 自転車 スマホホルダー バイク スマホスタンド 携帯ホルダー 秒速ロック サイクリング ロードバイク 360度回転 ホルダー【いつでも無条件新品交換】,https://item.rakuten.co.jp/valuefactory/ap-063/?rafcid=wsc_i_is_50166604-ae7d-4c5a-8764-c20e0c04c739
2026-04-05T22:34:49,search,スマホ周辺機器,モバイルバッテリー,モバイルバッテリー,aidort:10002477,4580,愛度楽天市場店,aidort,1,4.23,55,371,4.0,1,,,https://thumbnail.image.rakuten.co.jp/@0_mall/aidort/cabinet/08041430/1052-zhu.jpg?_ex=128x128,清涼服 空調ウェア クールダウンウェア クールダウンベスト ダブルファン付き 3D立体循環送風 三段階風量 瞬時冷却 9枚羽根 USB モバイルバッテリー給電式 超薄手 帽子付き 紫外線カット 日焼け防止 撥水加工 熱中症対策 ゆうパケット 送料無料,https://item.rakuten.co.jp/aidort/slub-1052/?rafcid=wsc_i_is_50166604-ae7d-4c5a-8764-c20e0c04c739
2026-04-05T22:34:49,search,スマホ周辺機器,モバイルバッテリー,モバイルバッテリー,vanilla-vague:10521901,2980,LAD WEATHER(ラドウェザー)公式,vanilla-vague,1,4.59,55,366,4.0,1,,,https://thumbnail.image.rakuten.co.jp/@0_gold/vanilla-vague/images/thumb/ledmaster005-thum-740-001.jpg?_ex=128x128,"驚異の明るさ1,000ルーメン！充電式 LED ランタン LEDライト 防災グッズ キャンプ用品 LED ランタン アウトドア スマートフォンにも充電できる モバイルバッテリー LAD WEATHER ラドウェザー 送料無料",https://item.rakuten.co.jp/vanilla-vague/ledmaster005/?rafcid=wsc_i_is_50166604-ae7d-4c5a-8764-c20e0c04c739
2026-04-05T22:34:49,search,スマホ周辺機器,モバイルバッテリー,モバイルバッテリー,relief10:10001348,3980,relief10,relief10,1,4.46,55,358,4.0,1,,,https://thumbnail.image.rakuten.co.jp/@0_mall/relief10/cabinet/09303876/imgrc0116976450.jpg?_ex=128x128,＼楽天2冠獲得／ 5200mAhの大容量【最強配送対応】自転車 ライト 防水 IP65 防塵 USB充電式 電池残量表示 自転車用ライト ヘッドライト 高輝度 1200ルーメン モバイルバッテリー機能付き 3つ調光モード ライト サイクリング LED 電池 usb充電 おしゃれ,https://item.rakuten.co.jp/relief10/b0bqbxbf34/?rafcid=wsc_i_is_50166604-ae7d-4c5a-8764-c20e0c04c739
2026-04-05T22:34:49,search,スマホ周辺機器,モバイルバッテリー,モバイルバッテリー,kirinkokusai:10000011,3980,キリン国際 楽天市場店,kirinkokusai,1,4.39,55,340,4.0,1,,,https://thumbnail.image.rakuten.co.jp/@0_mall/kirinkokusai/cabinet/10611446/imgrc0120659180.jpg?_ex=128x128,ソーラーチャージャー モバイルバッテリー 大容量 30000mAh ソーラー充電 最大28V 4段階風速調節 LEDライト付き バックル付き USB給電 PSE認証 男女兼用 屋外/内 外仕事 農作業 釣り 防災グッズ(ブラック) PSE認証済,https://item.rakuten.co.jp/kirinkokusai/tn0000000000/?rafcid=wsc_i_is_50166604-ae7d-4c5a-8764-c20e0c04c739
2026-04-05T22:34:49,search,スマホ周辺機器,モバイルバッテリー,モバイルバッテリー,lotus01:10007201,4480,HaLotus,lotus01,1,4.38,55,340,4.0,1,,,https://thumbnail.image.rakuten.co.jp/@0_mall/lotus01/cabinet/10973966/s-htvt16in01.jpg?_ex=128x128,【★楽天1位★】電熱ベスト インナー 薄手 モバイルバッテリー付き 電熱インナー 電熱ベスト レディース ヒーターベスト インナーベスト 防寒ベスト 電熱ウェア ヒートベスト 防寒対策 発熱ベスト ヒーター付きベスト,https://item.rakuten.co.jp/lotus01/s-htvt16in/?rafcid=wsc_i_is_50166604-ae7d-4c5a-8764-c20e0c04c739
2026-04-05T22:35:25,search,デスク改善ガジェット,ノートPCスタンド,ノートPCスタンド,elifemarket:10000026,2980,E-Life Market,elifemarket,1,4.52,54,957,3.0,1,,,https://thumbnail.image.rakuten.co.jp/@0_mall/elifemarket/cabinet/032-pcstand/thum/032-thum-d-10off.jpg?_ex=128x128,【10%OFFクーポン！4/5まで】【楽天ランキング1位】ノートパソコン スタンド パソコンスタンド 折りたたみ PCスタンド 折りたたみ式 ノートパソコンスタンド パソコン台 肩こり 高さ 角度 調整 持ち運び 13インチ 15.6インチ 17インチ 18インチ 19インチ ギフト,https://item.rakuten.co.jp/elifemarket/032-pcstand/?rafcid=wsc_i_is_50166604-ae7d-4c5a-8764-c20e0c04c739
2026-04-05T22:34:49,search,スマホ周辺機器,モバイルバッテリー,モバイルバッテリー,cocopar:10000223,1878,ココパ楽天市場店,cocopar,1,4.43,54,805,4.0,1,,,https://thumbnail.image.rakuten.co.jp/@0_mall/cocopar/cabinet/copy/lilyan/qfdhc-30/white_bg.jpg?_ex=128x128,夏限定クーポンで最安1200円! 【2025夏新作★瞬間冷却-19℃】首かけハンディファン 扇風機PRO 手持ち扇風機 卓上対応 USB充電式 Type-C対応 静音 大容量 軽量 モバイルバッテリー機能付き 3段階風量 小型携帯扇風機 ネックファン 持ち運び便利 フェス 花火大会 熱中症,https://item.rakuten.co.jp/cocopar/handsfree/?rafcid=wsc_i_is_50166604-ae7d-4c5a-8764-c20e0c04c739
2026-04-05T22:35:34,search,デスク改善ガジェット,デスクライト,デスクライト,mpowjapan:10000310,1980,エムパウジャパン楽天市場店,mpowjapan,1,4.67,54,737,3.0,1,,,https://thumbnail.image.rakuten.co.jp/@0_mall/mpowjapan/cabinet/salemain/imgrc0120410921.jpg?_ex=128x128,【20%OFFクーポン配布中】読書灯 クリップライトコードレス 7LED 9段階調光調色 360°回転 コンパクト 充電式 明るい 目に優しい デスクライト 省エネ 60時間持続点灯 充電式 クリップ式 読書灯 ブックライト 長寿命,https://item.rakuten.co.jp/mpowjapan/gehm215aw/?rafcid=wsc_i_is_50166604-ae7d-4c5a-8764-c20e0c04c739
2026-04-05T22:35:25,search,デスク改善ガジェット,ノートPCスタンド,ノートPCスタンド,dotline:10000230,2190,Dot Line 便利雑貨&レディース靴,dotline,1,4.55,54,351,3.0,1,,,https://thumbnail.image.rakuten.co.jp/@0_mall/dotline/cabinet/pc/simplestand/simp2/simp2-1.jpg?_ex=128x128,【5%OFFクーポン配布中！】 ノートパソコン スタンド パソコンスタンド ワンタッチ PCスタンド シンプル 折りたたみ アルミ pcスタンド ゲーミングPC テレワーク タブレットスタンド 滑り止め 姿勢改善 持ち運び 角度 冷却 シリコン PC台 母の日,https://item.rakuten.co.jp/dotline/998002simplestand/?rafcid=wsc_i_is_50166604-ae7d-4c5a-8764-c20e0c04c739
2026-04-05T22:35:34,search,デスク改善ガジェット,デスクライト,デスクライト,lifecorner:10001748,1780,Life Corner,lifecorner,1,4.45,53,396,3.0,1,,,https://thumbnail.image.rakuten.co.jp/@0_mall/lifecorner/cabinet/desklight/jiazi/c-140zt.jpg?_ex=128x128,期間限定★最大60%OFF★USB給電 クリップライト 調光調色 リモコン付き テーブルランプ 目に優しい 省スペース 明るさ おしゃれ 北欧 コンパクト 軽量 デスクライト ベッドライト 読書灯 スタンドライト 卓上ライト 間接照明 ledライト led照明器具 寝室 書斎 学習 新作,https://item.rakuten.co.jp/lifecorner/td-3w-1/?rafcid=wsc_i_is_50166604-ae7d-4c5a-8764-c20e0c04c739
2026-04-05T22:35:34,search,デスク改善ガジェット,デスクライト,デスクライト,artpiece:10000693,2780,ARTPIECE,artpiece,1,4.39,52,1471,3.0,1,,,https://thumbnail.image.rakuten.co.jp/@0_mall/artpiece/cabinet/ss202603/imgrc0149642097.jpg?_ex=128x128,"【5倍ポイント★クーポンで2,280円】 楽天1位 デスクライト LED おしゃれ 学習机 目に優しい スタンドライト 卓上 明るさ調整 5段階調色 無階調光 タッチセンサー 折り畳み式 電気スタンド スマホ充電 タイマー付 省エネ 角度調整 newlife2026",https://item.rakuten.co.jp/artpiece/td-1/?rafcid=wsc_i_is_50166604-ae7d-4c5a-8764-c20e0c04c739
2026-04-05T22:35:34,search,デスク改善ガジェット,デスクライト,デスクライト,shopapalus:10000025,1960,Ankoo,shopapalus,1,4.44,52,1317,3.0,1,,,https://thumbnail.image.rakuten.co.jp/@0_mall/shopapalus/cabinet/desk-light/desklight-cp.jpg?_ex=128x128,限定特価｜早い者勝ち★楽天デスクライトジャンル入賞 ledデスクライト クリップ式 USB給電 調光調色 360度回転 テレワーク 在宅ワーク デスクライト 角度調整 読書灯 勉強机 オフィス スタンドライト 学習机 ランプ ベッドサイド おしゃれ 電気スタンド 寝室 目に優しい,https://item.rakuten.co.jp/shopapalus/td-3w-1/?rafcid=wsc_i_is_50166604-ae7d-4c5a-8764-c20e0c04c739
2026-04-05T22:35:34,search,デスク改善ガジェット,デスクライト,デスクライト,lifecorner:10001840,1780,Life Corner,lifecorner,1,4.42,52,1125,3.0,1,,,https://thumbnail.image.rakuten.co.jp/@0_mall/lifecorner/cabinet/desklight/811w/c-083a.jpg?_ex=128x128,期間限定★最大60%OFF★入学祝い 停電 地震 緊急対策 充電式 LEDデスクライト 調光 タッチセンサー テーブルランプ スタンド ナイトライト 目に優しい LED照明器具 懐中電灯 ベッドサイド おしゃれ かわいい 寝室 卓上ランプ 授乳 読書灯 LEDライト 電気スタンド,https://item.rakuten.co.jp/lifecorner/rs-td-811-1/?rafcid=wsc_i_is_50166604-ae7d-4c5a-8764-c20e0c04c739
2026-04-05T22:35:43,search,デスク改善ガジェット,フットレスト,フットレスト デスク,btstoreosk:10000163,1999,MONESTA,btstoreosk,1,4.44,51,374,3.0,2,2026-04-04 20:00,2026-04-10 01:59,https://thumbnail.image.rakuten.co.jp/@0_mall/btstoreosk/cabinet/09800748/11849476/newtoprakuten.jpg?_ex=128x128,＼楽天1位!レビュープレゼント有／【理学療法士監修】フットレスト 飛行機 快適グッズ 車 新幹線 高さ調整 持ち運び 空気入れ エアークッション 高速バス 車中泊 防災 旅行用品 トラベルグッズ デスクワーク コンパクト収納 足置き むくみ 防止 足枕 バス 電車 旅行,https://item.rakuten.co.jp/btstoreosk/footrest/?rafcid=wsc_i_is_50166604-ae7d-4c5a-8764-c20e0c04c739
2026-04-05T22:35:34,search,デスク改善ガジェット,デスクライト,デスクライト,ilemon:10000177,1980,ilemon,ilemon,1,4.51,51,978,3.0,1,,,https://thumbnail.image.rakuten.co.jp/@0_mall/ilemon/cabinet/top/mjd1059.jpg?_ex=128x128,＼360度回転アーム／クリップライト LED 調光 おしゃれ 明るい デスクライト クリップ 10段階調光 調色 卓上 360度回転 デスクライト クランプ 学習机 目に優しい ZOOM 卓上ライト 電気スタンド テレワーク 3色モード 読書灯 ベッドサイド 撮影 YouTube,https://item.rakuten.co.jp/ilemon/mjd1059/?rafcid=wsc_i_is_50166604-ae7d-4c5a-8764-c20e0c04c739
2026-04-05T22:34:49,search,スマホ周辺機器,モバイルバッテリー,モバイルバッテリー,artpiece:10000731,2480,ARTPIECE,artpiece,1,4.2,51,953,4.0,1,,,https://thumbnail.image.rakuten.co.jp/@0_mall/artpiece/cabinet/mainimg/2025nor/yyd-991t-nor.jpg?_ex=128x128,"【5倍ポイント＆クーポンで1,980円】 LEDランタン 超高輝度 1000ルーメン モバイルバッテリー機能 USB充電 最長20時間 無段階調光調色 ライト2色切替 防滴 防塵 電池式 LED ランタン 懐中電灯 防災 停電 キャンプ アウトドア 軽量 持ち運び便利",https://item.rakuten.co.jp/artpiece/yyd-991t/?rafcid=wsc_i_is_50166604-ae7d-4c5a-8764-c20e0c04c739
2026-04-05T22:35:34,search,デスク改善ガジェット,デスクライト,デスクライト,kodawari-ichiban:10112060,3280,こだわり一番館,kodawari-ichiban,1,4.45,51,923,3.0,1,,,https://thumbnail.image.rakuten.co.jp/@0_mall/kodawari-ichiban/cabinet/light/light51.jpg?_ex=128x128,【送料無料】デスクライト LED フラットバー USBポート　おしゃれ　目に優しい　学習机　折り畳み　勉強机　 7段階調光/無段階光色切替機能付 LED ライト 電気スタンド 卓上ライト 卓上 デスク スタンド Ledデスクライト テーブルライト 読書灯 机 照明 スタンドライト,https://item.rakuten.co.jp/kodawari-ichiban/light34/?rafcid=wsc_i_is_50166604-ae7d-4c5a-8764-c20e0c04c739
2026-04-05T22:35:01,search,スマホ周辺機器,スマホスタンド,スマホスタンド,tatsuhikokosume:10000138,2480,Powex,tatsuhikokosume,1,4.69,51,733,3.0,1,,,https://thumbnail.image.rakuten.co.jp/@0_mall/tatsuhikokosume/cabinet/12949043/imgrc0099492350.jpg?_ex=128x128,【マラソン限定10%OFFクーポンあり&P10倍UP】ナイトライト 授乳ライト タイマー 間接照明 読書灯 コードレス かわいいスマホスタンド 3段階調光 ベッドサイドランプ 卓上 シリコン 卓上補助灯 常夜灯 停電灯 目に優しい USB充電 LED ルームライト 授乳 寝室,https://item.rakuten.co.jp/tatsuhikokosume/k1096/?rafcid=wsc_i_is_50166604-ae7d-4c5a-8764-c20e0c04c739
2026-04-05T22:34:49,search,スマホ周辺機器,モバイルバッテリー,モバイルバッテリー,tripleshop:10000051,2280,triple shop,tripleshop,1,4.36,51,704,4.0,1,,,https://thumbnail.image.rakuten.co.jp/@0_mall/tripleshop/cabinet/11614298/001.jpg?_ex=128x128,自転車 ライト led 2500ルーメン ヘッドライト 明るい 2500mAh 大容量 アルミ合金製 12つ調光モード IPX5防水 USB充電 高輝度 アルミ コンパクト スマホ充電 モバイルバッテリー機能 ギフトプレゼント 防災 持ち運び,https://item.rakuten.co.jp/tripleshop/z02/?rafcid=wsc_i_is_50166604-ae7d-4c5a-8764-c20e0c04c739
2026-04-05T22:35:34,search,デスク改善ガジェット,デスクライト,デスクライト,rennkou-syouji:10003058,6980,快適くらし館,rennkou-syouji,1,4.48,51,695,3.0,1,,,https://thumbnail.image.rakuten.co.jp/@0_mall/rennkou-syouji/cabinet/03338770/03352680/imgrc0069932199.jpg?_ex=128x128,デスクライト クランプ LEDスタンド クランプライト LED デスクライト led 学習机 おしゃれ 電気スタンド 卓上 学習用 目に優しい 寝室 スタンドライト 調光式 ledスタンド ライト照明 LEDライト 勉強机 読書灯 在宅勤務 テレワーク,https://item.rakuten.co.jp/rennkou-syouji/wasser11-2/?rafcid=wsc_i_is_50166604-ae7d-4c5a-8764-c20e0c04c739
2026-04-05T22:35:34,search,デスク改善ガジェット,デスクライト,デスクライト,lepro:10000046,2799,Lepro,lepro,1,4.68,51,672,3.0,1,,,https://thumbnail.image.rakuten.co.jp/@0_mall/lepro/cabinet/08863929/08917749/310001-0.jpg?_ex=128x128,【400円OFFクーポン配布!】【2年保証・送料無料】「楽天1位」Leproledデスクライト ACアダプター付き最大800ルーメン目に優しい JIS規格AA形相当 卓上ライト電気スタンドテーブルライト学習机ライト勉強机 コンセント式 ledライト卓上スタンド おしゃれテレワーク,https://item.rakuten.co.jp/lepro/pr310001-dww-jp/?rafcid=wsc_i_is_50166604-ae7d-4c5a-8764-c20e0c04c739
2026-04-05T22:35:34,search,デスク改善ガジェット,デスクライト,デスクライト,lepro:10000061,1860,Lepro,lepro,1,4.59,51,619,3.0,1,,,https://thumbnail.image.rakuten.co.jp/@0_mall/lepro/cabinet/08863929/imgrc0095225401.jpg?_ex=128x128,【★マラソン限定価格】「楽天1位」【2年保証】Lepro Ledデスクライト 電気スタンド目に優しい JIS AA相当 クランプ式 卓上ライト クランプライト ですくらいと 挟む おしゃれ 10段階明るさ5W省エネ明るい 勉強机 デスクライト 学習机 ディスクライト,https://item.rakuten.co.jp/lepro/pr310005-dww/?rafcid=wsc_i_is_50166604-ae7d-4c5a-8764-c20e0c04c739
2026-04-05T22:34:49,search,スマホ周辺機器,モバイルバッテリー,モバイルバッテリー,maxshare:10059561,3630,マックスシェアー maxshare,maxshare,1,4.45,51,555,3.0,1,,,https://thumbnail.image.rakuten.co.jp/@0_mall/maxshare/cabinet/master/sale_0410/a14382.jpg?_ex=128x128,"【3,960円→SALE3,630円〜4/10(金)01:59まで】【楽天1位】FIELDOOR 防災ラジオ 多機能 AM/FM ラジオ 1台5役 防災グッズ 懐中電灯 生活防水 読書灯 モバイルバッテリー SOSアラーム 3WAY充電 USB充電 手回し充電 ソーラー充電 乾電池式 災 ★[送料無料]",https://item.rakuten.co.jp/maxshare/a14382/?rafcid=wsc_i_is_50166604-ae7d-4c5a-8764-c20e0c04c739
2026-04-05T22:35:34,search,デスク改善ガジェット,デスクライト,デスクライト,rennkou-syouji:10000186,3520,快適くらし館,rennkou-syouji,1,4.47,51,520,3.0,1,,,https://thumbnail.image.rakuten.co.jp/@0_mall/rennkou-syouji/cabinet/03338770/03352680/led001-04.jpg?_ex=128x128,LEDデスクライト テーブルスタンド led デスクライト 調光 学習机 おしゃれ 電気スタンド 卓上 学習用 LEDデスクスタンド スタンドライト 寝室 デスクスタンド 勉強机 ledライト 読書灯 照明 スタンド 在宅勤務 テレワーク おすすめ,https://item.rakuten.co.jp/rennkou-syouji/deko0001-1/?rafcid=wsc_i_is_50166604-ae7d-4c5a-8764-c20e0c04c739
2026-04-05T22:35:34,search,デスク改善ガジェット,デスクライト,デスクライト,lepro:10000052,2999,Lepro,lepro,1,4.63,51,490,3.0,1,,,https://thumbnail.image.rakuten.co.jp/@0_mall/lepro/cabinet/08863929/08929685/310003-0.jpg?_ex=128x128,【400円OFFクーポン配布!】【2年保証】Lepro デスクライト目に優しい JIS規格 AA形相当 卓上ライト電気スタンド テレワーク ACアダプター付き おしゃれ 卓上スタンド 電気スタンド led学習机テーブルライト学習机勉強机卓上デスクライト led明るい,https://item.rakuten.co.jp/lepro/pr310003-dww-jp/?rafcid=wsc_i_is_50166604-ae7d-4c5a-8764-c20e0c04c739
2026-04-05T22:35:25,search,デスク改善ガジェット,ノートPCスタンド,ノートPCスタンド,seimina:10000121,2862,Seimina,seimina,1,4.79,51,486,3.0,1,,,https://thumbnail.image.rakuten.co.jp/@0_mall/seimina/cabinet/07664787/07761152/1.jpg?_ex=128x128,★限定SALEサーチ対象商品★【顧客満足度100%】 ノートパソコン スタンド 縦置き 2台/4台収納 ホルダー幅調整可能 アルミ合金素材 ラップトップ スタンド ノートPCスタンド 滑り止め iPad スタンド パソコン ラップトップ スタンド 収納スタンド 9〜17インチまでに対応,https://item.rakuten.co.jp/seimina/pc_ver_stand_po193_195/?rafcid=wsc_i_is_50166604-ae7d-4c5a-8764-c20e0c04c739
2026-04-05T22:35:34,search,デスク改善ガジェット,デスクライト,デスクライト,rennkou-syouji:10013595,3480,快適くらし館,rennkou-syouji,1,4.4,51,447,3.0,1,,,https://thumbnail.image.rakuten.co.jp/@0_mall/rennkou-syouji/cabinet/zaka/okada/wasser54.jpg?_ex=128x128,【15％OFFクーポンで2958円〜】ナイトライト 調光 シリコン製 授乳ライト マシュマロライト ボールライト LED テーブルライト 卓上ライト 間接照明 コードレス 充電 ランプ ベッドサイド 球形 丸型 フロアライト インテリア照明 寝室 子供部屋 月ライト 常夜灯 おしゃれ,https://item.rakuten.co.jp/rennkou-syouji/wasser54/?rafcid=wsc_i_is_50166604-ae7d-4c5a-8764-c20e0c04c739
2026-04-05T22:35:34,search,デスク改善ガジェット,デスクライト,デスクライト,dotsnext:10000139,5500,ライト・インテリア照明 DOTS-NEXT,dotsnext,1,4.4,51,437,3.0,1,,,https://thumbnail.image.rakuten.co.jp/@0_mall/dotsnext/cabinet/06/307/ywtl307-01.jpg?_ex=128x128,テーブルランプ 調光 間接照明 ベッドサイドランプ 授乳ライト 北欧 照明 おしゃれ 寝室 木 ウッド 陶磁器 かわいい リビング ダイニング トイレ TOBO 307 在庫 新生活 引越,https://item.rakuten.co.jp/dotsnext/ytl-963-br/?rafcid=wsc_i_is_50166604-ae7d-4c5a-8764-c20e0c04c739
2026-04-05T22:35:34,search,デスク改善ガジェット,デスクライト,デスクライト,beaubelle:10001001,3590,おしゃれ照明・ライトのBeauBelle,beaubelle,1,4.45,51,399,3.0,1,,,https://thumbnail.image.rakuten.co.jp/@0_mall/beaubelle/cabinet/0117701/c0866750_1.jpg?_ex=128x128,テーブルライト 1灯 シラタマ Belled 電気 間接照明 LED フロアライト 寝室 照明 おしゃれ 照明器具 インテリアライト 北欧 テーブルランプ フロアランプ 丸 可愛い 赤ちゃん 授乳ライトリビング照明 テーブルスタンド スタンドライト ベッドサイド 子供部屋 洗面所,https://item.rakuten.co.jp/beaubelle/c0866750/?rafcid=wsc_i_is_50166604-ae7d-4c5a-8764-c20e0c04c739
2026-04-05T22:35:14,search,PC周辺機器,モニター,PC モニター,sanwadirect:10056207,7980,サンワダイレクト楽天市場店,sanwadirect,1,4.49,51,395,3.0,1,,,https://thumbnail.image.rakuten.co.jp/@0_mall/sanwadirect/cabinet/1/100-mr039.jpg?_ex=128x128,【楽天1位受賞】モニター台 卓上 幅60cm 奥行20cm 高さ8.3cm USB コンセント パソコン台 机上台 増設 モニタースタンド 机上ラック 液晶モニター台 パソコン モニター台 パソコンラック 収納 デスク PC おしゃれ キーボード収納 ノートパソコン,https://item.rakuten.co.jp/sanwadirect/100-mr039/?rafcid=wsc_i_is_50166604-ae7d-4c5a-8764-c20e0c04c739
2026-04-05T22:35:43,search,デスク改善ガジェット,フットレスト,フットレスト デスク,sanwadirect:10053409,5680,サンワダイレクト楽天市場店,sanwadirect,1,4.44,51,364,3.0,1,,,https://thumbnail.image.rakuten.co.jp/@0_mall/sanwadirect/cabinet/1/100-snc035.jpg?_ex=128x128,オットマン 足置き レザー キャスター付 プレジデントチェアに最適 オフィスチェア 椅子 スツール オットマンチェア デスクチェア 在宅ワーク 在宅,https://item.rakuten.co.jp/sanwadirect/100-snc035/?rafcid=wsc_i_is_50166604-ae7d-4c5a-8764-c20e0c04c739
2026-04-05T22:34:49,search,スマホ周辺機器,モバイルバッテリー,モバイルバッテリー,good-item:10000628,2470,GOOD ITEM,good-item,1,4.32,51,336,4.0,1,,,https://thumbnail.image.rakuten.co.jp/@0_mall/good-item/cabinet/08455268/compass1672731245.jpg?_ex=128x128,【寒さ対策】【電熱ベスト】【9エリア発熱タイプ】 ヒートベスト ヒーターベスト メンズ レディース ヒーター内蔵 あったかベスト アウター 10000mAh モバイルバッテリー付属 超軽量 保温 釣り 水洗い バイク 長時間 男女兼用 防寒 屋外作業,https://item.rakuten.co.jp/good-item/pa303/?rafcid=wsc_i_is_50166604-ae7d-4c5a-8764-c20e0c04c739
2026-04-05T22:35:34,search,デスク改善ガジェット,デスクライト,デスクライト,goodcarsstyle:10000922,1860,グッドカーズスタイル,goodcarsstyle,1,4.68,51,331,3.0,1,,,https://thumbnail.image.rakuten.co.jp/@0_mall/goodcarsstyle/cabinet/gds/gds_009/gds-0095_00.jpg?_ex=128x128,【最大35%クーポン♪超目玉】 【楽天1位 】 ブックライト 読書ライト 読書灯 クリップライト ベッドの読書 目に優しい 読書用ライト 車 ベッドの読書のため 寝ながら しおり クリップ LED 本につける 小型デスクライト 5段階調光 オレンジ usb充電式,https://item.rakuten.co.jp/goodcarsstyle/ts-gds-0095/?rafcid=wsc_i_is_50166604-ae7d-4c5a-8764-c20e0c04c739
2026-04-05T22:35:43,search,デスク改善ガジェット,フットレスト,フットレスト デスク,tansu:10044953,9999,タンスのゲン Design the Future,tansu,1,4.25,51,324,3.0,1,,,https://thumbnail.image.rakuten.co.jp/@0_mall/tansu/cabinet/05046036/11719144_10a.jpg?_ex=128x128,【本日5％引クーポン】 座った瞬間キャスターロック 学習チェア 天然木 高さ調節 着座ロック チェア キッズチェア デスクチェア クッション 勉強椅子 学習椅子 子供椅子 椅子 イス いす 収納 木 木製 クッション 足置き 小学生 中学生 子供 リビング学習 新入学,https://item.rakuten.co.jp/tansu/11719144/?rafcid=wsc_i_is_50166604-ae7d-4c5a-8764-c20e0c04c739
2026-04-05T22:35:34,search,デスク改善ガジェット,デスクライト,デスクライト,mitsuba-shop20170818:10000343,2680,ミツバショップ,mitsuba-shop20170818,1,4.8,51,320,3.0,1,,,https://thumbnail.image.rakuten.co.jp/@0_mall/mitsuba-shop20170818/cabinet/05814097/11254825/kamome_01.jpg?_ex=128x128,Zipで紹介されたシリコンカモメライト デスクライト ナイトライト 鴎 かもめ 照明 テーブルランプ 寝室 卓上 スタンド 子供 目に優しい おしゃれ LED USB 間接照明 充電 シリコン 電気 キャラクター 動物 デスクライト ライト 授乳 子供部屋 夜間 カワイイ クリスマス,https://item.rakuten.co.jp/mitsuba-shop20170818/210312-desklight/?rafcid=wsc_i_is_50166604-ae7d-4c5a-8764-c20e0c04c739
2026-04-05T22:35:25,search,デスク改善ガジェット,ノートPCスタンド,ノートPCスタンド,honnete:10000026,2180,AVALIT,honnete,1,4.47,50,835,3.0,1,,,https://thumbnail.image.rakuten.co.jp/@0_mall/honnete/cabinet/09450407/09678476/imgrc0252883040.jpg?_ex=128x128,【最大20％OFF マラソン限定 5のつく日 クーポン配布】【楽天1位 13冠】雑誌掲載商品GOODA 進化版 ノートパソコンスタンド 折りたたみ式 貼り付け 超軽量 極薄 [ 13 − 16インチ ] pcスタンド stand laptop ラップトップ AVALIT 送料無料,https://item.rakuten.co.jp/honnete/avalit-nps-01/?rafcid=wsc_i_is_50166604-ae7d-4c5a-8764-c20e0c04c739
2026-04-05T22:35:25,search,デスク改善ガジェット,ノートPCスタンド,ノートPCスタンド,authentic-one:10000147,2530,Authentic One,authentic-one,1,4.38,50,814,3.0,1,,,https://thumbnail.image.rakuten.co.jp/@0_mall/authentic-one/cabinet/b114pcsta5s.jpg?_ex=128x128,【楽天1位】 ノートパソコンスタンド PCスタンド 10段階調節 7段階 2重 コンパクト ポータブル 専用カバー付 パソコンスタンド 折りたたみ式 アルミ 改良版 ホルダー pcスタンド テレワーク アルミ 角度調節,https://item.rakuten.co.jp/authentic-one/b114pcsta5/?rafcid=wsc_i_is_50166604-ae7d-4c5a-8764-c20e0c04c739
2026-04-05T22:35:34,search,デスク改善ガジェット,デスクライト,デスクライト,mikirona:10000028,2120,Mikirona,mikirona,1,4.27,50,314,3.0,1,,,https://thumbnail.image.rakuten.co.jp/@0_mall/mikirona/cabinet/09306394/imgrc0103482430.jpg?_ex=128x128,【改良型！】デスクライト led スタンドライト 調光 調色 コードレス 学習机 電気スタンド 充電式 卓上 目に優しい 自然光 無段階調光 3段階調色 角度調節可能 読書 省エネ 折りたたみ おしゃれ スリム 勉強 子供部屋 軽量 おすすめ 贈り物,https://item.rakuten.co.jp/mikirona/-s-td-td01-wh-/?rafcid=wsc_i_is_50166604-ae7d-4c5a-8764-c20e0c04c739
2026-04-05T22:35:01,search,スマホ周辺機器,スマホスタンド,スマホスタンド,ohs-supply:10000007,1595,OHSサプライ ダイレクトショップ,ohs-supply,1,4.37,48,741,4.0,1,,,https://thumbnail.image.rakuten.co.jp/@0_mall/ohs-supply/cabinet/04728335/imgrc0073714063.jpg?_ex=128x128,【送料無料】自転車用 スマホホルダー FINN フィン【スマートフォンホルダー スマホスタンド 携帯ホルダー 固定 ホルダー スマホ スマートフォン スタンド 便利グッズ 自転車用品 シリコン 自転車 アクセサリー ロードバイク ママチャリ 】,https://item.rakuten.co.jp/ohs-supply/f001/?rafcid=wsc_i_is_50166604-ae7d-4c5a-8764-c20e0c04c739
2026-04-05T22:35:34,search,デスク改善ガジェット,デスクライト,デスクライト,momonoya:10000011,1980,momONoya,momonoya,1,4.43,47,932,3.0,1,,,https://thumbnail.image.rakuten.co.jp/@0_mall/momonoya/cabinet/26ibentoyou/2604p10-04.jpg?_ex=128x128,＼楽天1位20冠／ クリップライト led 充電式 卓上ライト デスクライト コードレス 調光 明るい 読書灯 手元ライト 影ができにくい クリップ式ライト 挟む ライト コンパクト usb充電 小型 おしゃれ ベッドライト タッチセンサー 目に優しい シンプル クリップ照明 勉強 読書,https://item.rakuten.co.jp/momonoya/04/?rafcid=wsc_i_is_50166604-ae7d-4c5a-8764-c20e0c04c739
2026-04-05T22:35:34,search,デスク改善ガジェット,デスクライト,デスクライト,momonoya:10000104,2380,momONoya,momonoya,1,4.32,47,712,3.0,1,,,https://thumbnail.image.rakuten.co.jp/@0_mall/momonoya/cabinet/26ibentoyou/2604p10-78.jpg?_ex=128x128,＼楽天1位7冠／ デスクライト LED コードレス ライト 調光 調色 おしゃれ led 目に優しい 卓上ライト 充電式 明るい 小型 読書灯 usb充電 スタンドライト 調光式 折りたたみ 学習机 電気スタンド タッチセンサー タッチライト 卓上 寝室 角度調整 子供 勉強 読書 学習用 ZOOM,https://item.rakuten.co.jp/momonoya/78/?rafcid=wsc_i_is_50166604-ae7d-4c5a-8764-c20e0c04c739
2026-04-05T22:35:25,search,デスク改善ガジェット,ノートPCスタンド,ノートPCスタンド,maryplus:10000499,1680,MARYPLUS マリープラス,maryplus,1,4.47,47,532,3.0,1,,,https://thumbnail.image.rakuten.co.jp/@0_mall/maryplus/cabinet/fix/01/pcstand4_ma2.jpg?_ex=128x128,"＼クーポンで1,480円／【楽天1位】 ノートパソコンスタンド 折りたたみ 11インチ 13インチ 14インチ 15インチ 15.6インチ 17インチ 持ち運び 高さ調整 Mac macbookAir/Pro ゲーミングPC ノートpcスタンド 7段階 高さ 角度 横幅 調節 滑り止め ipad スマホ タブレット",https://item.rakuten.co.jp/maryplus/pcstand/?rafcid=wsc_i_is_50166604-ae7d-4c5a-8764-c20e0c04c739
2026-04-05T22:35:14,search,PC周辺機器,モニター,PC モニター,remembrance-doris:10000293,2390,remembrance-doris,remembrance-doris,1,4.23,47,435,3.0,1,,,https://thumbnail.image.rakuten.co.jp/@0_mall/remembrance-doris/cabinet/item/desk/kiet/kiet_r.jpg?_ex=128x128,モニター台 机上ラック 幅59 奥行25 高さ8.5 キーボード収納 木製 ラック PCラック デスク収納 机上台 デスク上 収納 パソコン台 卓上 ラック モニタースタンド 液晶モニター台 ノートパソコン収納 北欧 モダン おしゃれ コンパクト スリム 傷防止 収納 キエット ドリス,https://item.rakuten.co.jp/remembrance-doris/kiet/?rafcid=wsc_i_is_50166604-ae7d-4c5a-8764-c20e0c04c739
2026-04-05T22:35:34,search,デスク改善ガジェット,デスクライト,デスクライト,wansi:10000051,2080,Vance Japan,wansi,1,4.49,47,376,3.0,1,,,https://thumbnail.image.rakuten.co.jp/@0_mall/wansi/cabinet/biiino/item/main-image/1703839583901_1.jpg?_ex=128x128,入学祝い 在宅ワーク 楽天1位 クリップライト LED テレワーク 6W シンプル 銀/黒 3段階調色 9階段調光 昼白色/電球色 角度調整 USB対応 目に優しい 滑り止め付き 360°回転 コンパクト 省エネ 勉強机 読書灯 学生 学生寮 寝室 子供部屋 3年保証,https://item.rakuten.co.jp/wansi/kurippu/?rafcid=wsc_i_is_50166604-ae7d-4c5a-8764-c20e0c04c739
2026-04-05T22:35:34,search,デスク改善ガジェット,デスクライト,デスクライト,trade-abc:10012247,1780,Trade-ABC 楽天市場店,trade-abc,1,4.38,44,749,3.0,1,,,https://thumbnail.image.rakuten.co.jp/@0_mall/trade-abc/cabinet/004/th_004_2309.jpg?_ex=128x128,＼楽天ランキング1位！／デスクライト 壁 マグネット led 充電式 クランプ 北欧 コードレス 明るい 調光 usb マグネットライト 卓上ライト 読書灯 目に優しい 勉強 テレワーク ベット 学習机 戸棚 クローゼット 壁掛け 6か月保証 日本語説明書 AA 004-K004-N01,https://item.rakuten.co.jp/trade-abc/004-k004-n01/?rafcid=wsc_i_is_50166604-ae7d-4c5a-8764-c20e0c04c739
2026-04-05T22:35:01,search,スマホ周辺機器,スマホスタンド,スマホスタンド,ilemon:10000134,1780,ilemon,ilemon,1,4.36,44,718,3.0,1,,,https://thumbnail.image.rakuten.co.jp/@0_mall/ilemon/cabinet/top/mjd1015.jpg?_ex=128x128,【1年保証付き】デスクライト 卓上ライト 学習机 おしゃれ コードレス 調光 調色 スタンドライト 卓上 勉強 電気スタンド ペン立て おしゃれ 学習用 目に優しい LED 充電式 寝室 可愛い 折り畳み式 Zoom テレワーク テーブルライト デスクスタンド,https://item.rakuten.co.jp/ilemon/mjd1015/?rafcid=wsc_i_is_50166604-ae7d-4c5a-8764-c20e0c04c739
2026-04-05T22:35:34,search,デスク改善ガジェット,デスクライト,デスクライト,ricocollection:10009030,2999,rico collection,ricocollection,1,4.48,44,598,3.0,1,,,https://thumbnail.image.rakuten.co.jp/@0_mall/ricocollection/cabinet/imgrc0101543891.jpg?_ex=128x128,"【クーポンで2,599円】【1年保証】【即日発送】ナイトライト ベッドサイドライト 取っ手付き 3色モード 無段階調光 リモコン付き タッチ式 USB充電式 タイマー 間接照明 授乳ライト 手元 出産祝い ランプ 読書 ルームライト 枕元ライト 寝室 常夜灯 停電灯 防災 母の日",https://item.rakuten.co.jp/ricocollection/koyijpyd001/?rafcid=wsc_i_is_50166604-ae7d-4c5a-8764-c20e0c04c739
2026-04-05T22:35:34,search,デスク改善ガジェット,デスクライト,デスクライト,relief10:10001593,1780,relief10,relief10,1,4.39,44,436,3.0,1,,,https://thumbnail.image.rakuten.co.jp/@0_mall/relief10/cabinet/09303876/imgrc0116976451.jpg?_ex=128x128,レビュー件数420件突破!!【楽天1位！】【2本のライトで自由自在に調整できる】 デスクライト クリップライト スタンドライト LED 調光 おしゃれ 明るい デスクライト クリップ 【最強配送対応で最短翌日到着!!】 コードレス ワンタッチで簡単操作 クランプ式 LED,https://item.rakuten.co.jp/relief10/b0cxj6lwyd/?rafcid=wsc_i_is_50166604-ae7d-4c5a-8764-c20e0c04c739
2026-04-05T22:35:14,search,PC周辺機器,モニター,PC モニター,maxshare:10059466,2200,マックスシェアー maxshare,maxshare,1,4.46,44,347,3.0,1,,,https://thumbnail.image.rakuten.co.jp/@0_mall/maxshare/cabinet/master/sale_0410/a14185.jpg?_ex=128x128,"【2,530円→SALE2,200円〜4/10(金)01:59まで】【楽天1位】モニター台 机上台 幅60cm 2段 モニタースタンド 奥行25cm×高さ10cm/15cm/20cm 高さ調整 3段階 卓上 キーボード収納 木製 木目 卓上ラック PCモニター台 パソコン ラック 机上ラ ★[送料無料]",https://item.rakuten.co.jp/maxshare/a14185/?rafcid=wsc_i_is_50166604-ae7d-4c5a-8764-c20e0c04c739
2026-04-05T22:35:34,search,デスク改善ガジェット,デスクライト,デスクライト,ilemon:10000137,1670,ilemon,ilemon,1,4.35,44,311,3.0,1,,,https://thumbnail.image.rakuten.co.jp/@0_mall/ilemon/cabinet/top/mjd1014.jpg?_ex=128x128,【最大1年保証】クリップライト led 充電式 usb コードレス デスクライト クリップ 電気スタンド 充電式 調光 おしゃれ 学習用 目に優しい 学習机 ZOOM 卓上 寝室 LEDライト 勉強 調光 折り畳み式 テレワーク 360度調整,https://item.rakuten.co.jp/ilemon/mjd1014/?rafcid=wsc_i_is_50166604-ae7d-4c5a-8764-c20e0c04c739
2026-04-05T22:35:34,search,デスク改善ガジェット,デスクライト,デスクライト,ilemon:10000167,2533,ilemon,ilemon,1,4.44,44,306,3.0,1,,,https://thumbnail.image.rakuten.co.jp/@0_mall/ilemon/cabinet/top/mjd1246.jpg?_ex=128x128,デスクライト コードレス おしゃれ 調光 調色 目に優しい 明るい LED 学習机T型 スタンドライト 充電式 ダブル光源 充電 電気スタンド 学習用 ナイトライト 卓上led 勉強机 LEDライト 子供 5段階調光 無段階調色 読書 部屋 寝室,https://item.rakuten.co.jp/ilemon/mjd1045/?rafcid=wsc_i_is_50166604-ae7d-4c5a-8764-c20e0c04c739
